,Health services,Social services,Advocacy and Justice,Food and Agriculture,Education,Environment and Climate change,Recreation and Leisure,Technology and Innovation,Outreach and Advertising,Child services,Organization/ City Agency/ Division Name,Borough,Interest Categories,Most volunteers in age group,BRONX,BROOKLYN,MANHATTAN,QUEENS,STATEN IS
0,0,0,0,0,1,0,1,0,1,1,"20/20 Vision for Schools, Inc. d/b/a Thrive Collective",BROOKLYN,Education;Recreation and Leisure;Outreach and Advertising;Child services,1,0,1,0,0,0
1,0,0,0,0,1,0,0,0,1,1,826NYC,BROOKLYN,Education;Outreach and Advertising;Child services,1,0,1,0,0,0
2,0,1,0,0,1,0,1,0,1,0,9/11 Memorial & Museum,MANHATTAN,Social services;Education;Recreation and Leisure;Outreach and Advertising,0,0,0,1,0,0
3,0,0,0,0,1,0,1,0,1,1,A Free Bird,BROOKLYN,Education;Recreation and Leisure;Outreach and Advertising;Child services,1,0,1,0,0,0
4,1,1,1,0,0,0,0,0,1,1,Abbott House,BRONX,Health services;Social services;Advocacy and Justice;Outreach and Advertising;Child services,1,1,0,0,0,0
5,1,1,1,0,1,0,1,0,1,0,ABSW Senior Center,MANHATTAN,Health services;Social services;Advocacy and Justice;Education;Recreation and Leisure;Outreach and Advertising,2,0,0,1,0,0
6,1,1,1,0,1,0,0,0,1,1,Academy of Medical & Public Health Services,BROOKLYN,Health services;Social services;Advocacy and Justice;Education;Outreach and Advertising;Child services,1,0,1,0,0,0
7,0,1,1,0,1,0,1,0,1,1,ACDP Beacon @ Ms 117,BRONX,Social services;Advocacy and Justice;Education;Recreation and Leisure;Outreach and Advertising;Child services,0,1,0,0,0,0
8,1,1,1,0,1,0,1,0,1,1,Administration for Children's Services,MANHATTAN,Health services;Social services;Advocacy and Justice;Education;Recreation and Leisure;Outreach and Advertising;Child services,1,0,0,1,0,0
9,0,1,1,0,0,1,1,0,1,1,Agency of International Cooperation for Development,MANHATTAN,Social services;Advocacy and Justice;Environment and Climate change;Recreation and Leisure;Outreach and Advertising;Child services,1,0,0,1,0,0
10,1,1,1,0,1,0,1,0,1,1,AHRCNYC,MANHATTAN,Health services;Social services;Advocacy and Justice;Education;Recreation and Leisure;Outreach and Advertising;Child services,1,0,0,1,0,0
11,1,1,1,0,1,0,1,0,1,0,Alpha Phi Alpha Senior Citizens Center,QUEENS,Health services;Social services;Advocacy and Justice;Education;Recreation and Leisure;Outreach and Advertising,1,0,0,0,1,0
12,0,0,0,0,1,0,0,0,1,1,"Amaya's Bookreads, Inc.",MANHATTAN,Education;Outreach and Advertising;Child services,1,0,0,1,0,0
13,0,0,1,0,1,0,1,0,1,1,American Alliance for Theatre & Education,,Advocacy and Justice;Education;Recreation and Leisure;Outreach and Advertising;Child services,1,0,0,0,0,0
14,0,1,0,0,0,0,0,0,1,1,American Red Cross of Greater New York,MANHATTAN,Social services;Outreach and Advertising;Child services,0,0,0,1,0,0
15,1,1,1,0,1,0,1,0,1,0,AmPark NORC Supportive Senior Services Program,BRONX,Health services;Social services;Advocacy and Justice;Education;Recreation and Leisure;Outreach and Advertising,1,1,0,0,0,0
16,1,1,1,0,0,1,0,0,1,1,Annette Julien Trust,BROOKLYN,Health services;Social services;Advocacy and Justice;Environment and Climate change;Outreach and Advertising;Child services,0,0,1,0,0,0
17,1,1,1,0,1,0,1,0,1,1,Arab American Association of NY,BROOKLYN,Health services;Social services;Advocacy and Justice;Education;Recreation and Leisure;Outreach and Advertising;Child services,1,0,1,0,0,0
18,1,1,0,0,0,0,0,0,0,0,ARC XVI FORT WASHINGTON,MANHATTAN,Health services;Social services,1,0,0,1,0,0
19,0,0,1,0,1,0,1,0,1,1,Art and Resistance Through Education (ARTE),,Advocacy and Justice;Education;Recreation and Leisure;Outreach and Advertising;Child services,1,0,0,0,0,0
20,0,1,1,0,1,0,1,0,1,1,Artists Striving To End Poverty,MANHATTAN,Social services;Advocacy and Justice;Education;Recreation and Leisure;Outreach and Advertising;Child services,1,0,0,1,0,0
21,0,0,0,0,1,0,1,0,1,0,ArtistYear,,Education;Recreation and Leisure;Outreach and Advertising,2,0,0,0,0,0
22,0,1,1,0,0,0,1,0,1,1,Asian Americans for Equality,QUEENS,Social services;Advocacy and Justice;Recreation and Leisure;Outreach and Advertising;Child services,0,0,0,0,1,0
23,1,1,0,0,0,0,0,0,0,0,Asian Community Care Management,MANHATTAN,Health services;Social services,1,0,0,1,0,0
24,0,0,1,0,1,0,1,0,1,1,Association to Benefit Children,MANHATTAN,Advocacy and Justice;Education;Recreation and Leisure;Outreach and Advertising;Child services,1,0,0,1,0,0
25,0,0,0,0,1,1,0,0,1,1,Audubon New York,MANHATTAN,Education;Environment and Climate change;Outreach and Advertising;Child services,2,0,0,1,0,0
26,0,0,0,0,1,0,0,0,1,1,Avenues: The World School,MANHATTAN,Education;Outreach and Advertising;Child services,1,0,0,1,0,0
27,0,1,0,0,0,0,0,0,1,0,Back on My Feet,MANHATTAN,Social services;Outreach and Advertising,1,0,0,1,0,0
28,1,1,0,0,0,0,0,0,0,0,"Bay Ridge Center, Inc.",BROOKLYN,Health services;Social services,1,0,1,0,0,0
29,1,1,0,0,0,0,0,0,0,0,BCA 6th Ave Neighborhood Senior Center,BROOKLYN,Health services;Social services,2,0,1,0,0,0
30,0,0,0,0,1,0,0,0,1,1,Behind the Book,MANHATTAN,Education;Outreach and Advertising;Child services,1,0,0,1,0,0
31,0,0,0,0,0,0,0,0,1,1,Bellevue Day Care Center,MANHATTAN,Outreach and Advertising;Child services,1,0,0,1,0,0
32,1,1,0,0,0,0,0,0,0,0,Bergen Beach Youth Organization,BROOKLYN,Health services;Social services,2,0,1,0,0,0
33,1,1,1,0,0,1,0,0,1,1,Berkeley College,MANHATTAN,Health services;Social services;Advocacy and Justice;Environment and Climate change;Outreach and Advertising;Child services,1,0,0,1,0,0
34,0,1,0,0,0,0,0,0,1,0,"Beth - Hark Christian Counseling Center, Inc.",MANHATTAN,Social services;Outreach and Advertising,1,0,0,1,0,0
35,0,0,0,0,0,0,0,0,1,0,Big Apple Greeter,MANHATTAN,Outreach and Advertising,2,0,0,1,0,0
36,0,0,1,0,1,0,0,0,1,1,Big Brothers Big Sisters of NYC,MANHATTAN,Advocacy and Justice;Education;Outreach and Advertising;Child services,1,0,0,1,0,0
37,0,1,0,0,0,0,0,0,1,1,Bigs & Littles NYC Mentoring,MANHATTAN,Social services;Outreach and Advertising;Child services,1,0,0,1,0,0
38,1,1,1,0,1,0,1,0,1,1,Birch Family Services,MANHATTAN,Health services;Social services;Advocacy and Justice;Education;Recreation and Leisure;Outreach and Advertising;Child services,1,0,0,1,0,0
39,1,1,0,0,0,0,0,0,0,0,Bloomingdale Aging in Place,,Health services;Social services,2,0,0,0,0,0
40,0,0,0,0,1,0,0,0,1,0,"Blue Engine, Inc.",MANHATTAN,Education;Outreach and Advertising,1,0,0,1,0,0
41,0,0,0,0,0,0,0,0,1,1,Bonnie Youth Club (aka Bonnie Boys Club),BROOKLYN,Outreach and Advertising;Child services,1,0,1,0,0,0
42,0,0,0,0,1,0,0,0,1,1,Boys & Girls Club of Harlem,MANHATTAN,Education;Outreach and Advertising;Child services,1,0,0,1,0,0
43,0,0,0,0,1,0,0,0,1,1,Breakthrough New York,MANHATTAN,Education;Outreach and Advertising;Child services,1,0,0,1,0,0
44,1,1,0,0,0,0,0,0,1,1,Bridge Street Development Corp,BROOKLYN,Health services;Social services;Outreach and Advertising;Child services,1,0,1,0,0,0
45,1,1,1,0,1,0,0,0,1,0,"Bridgefield Civic League, Inc.",BRONX,Health services;Social services;Advocacy and Justice;Education;Outreach and Advertising,1,1,0,0,0,0
46,1,1,0,0,0,0,0,0,0,0,Bronx House Weinberg Neighborhood Center,,Health services;Social services,2,0,0,0,0,0
47,0,0,0,0,0,1,0,0,0,0,Bronx River Alliance,BRONX,Environment and Climate change,1,1,0,0,0,0
48,1,1,1,0,0,0,1,0,0,0,Bronx Rockets,BRONX,Health services;Social services;Advocacy and Justice;Recreation and Leisure,1,1,0,0,0,0
49,1,1,1,0,1,1,1,0,1,1,Bronx Sole,BRONX,Health services;Social services;Advocacy and Justice;Education;Environment and Climate change;Recreation and Leisure;Outreach and Advertising;Child services,1,1,0,0,0,0
50,1,0,0,0,0,0,0,0,0,0,Brookdale University Hospital Medical Center,,Health services,1,0,0,0,0,0
51,1,1,1,0,0,0,0,0,0,0,Brooklyn Bar Association Volunteer Lawyers Project,BROOKLYN,Health services;Social services;Advocacy and Justice,1,0,1,0,0,0
52,0,0,0,0,1,1,1,0,1,1,Brooklyn Botanic Garden,BROOKLYN,Education;Environment and Climate change;Recreation and Leisure;Outreach and Advertising;Child services,1,0,1,0,0,0
53,1,1,0,0,1,1,1,0,1,0,Brooklyn Bridge Park Conservancy,BROOKLYN,Health services;Social services;Education;Environment and Climate change;Recreation and Leisure;Outreach and Advertising,1,0,1,0,0,0
54,0,1,1,0,1,0,1,0,1,1,Brooklyn College,BROOKLYN,Social services;Advocacy and Justice;Education;Recreation and Leisure;Outreach and Advertising;Child services,1,0,1,0,0,0
55,1,1,1,0,1,0,0,0,1,1,Brooklyn Community Services,BROOKLYN,Health services;Social services;Advocacy and Justice;Education;Outreach and Advertising;Child services,1,0,1,0,0,0
56,1,1,1,0,1,0,1,0,1,1,Brooklyn Public Library,BROOKLYN,Health services;Social services;Advocacy and Justice;Education;Recreation and Leisure;Outreach and Advertising;Child services,1,0,1,0,0,0
57,1,1,0,0,1,0,1,0,1,0,Brooks Senior Center,QUEENS,Health services;Social services;Education;Recreation and Leisure;Outreach and Advertising,2,0,0,0,1,0
58,1,1,1,0,1,1,1,0,1,1,Buddhist Tzu Chi Foundation,QUEENS,Health services;Social services;Advocacy and Justice;Education;Environment and Climate change;Recreation and Leisure;Outreach and Advertising;Child services,2,0,0,0,1,0
59,0,0,0,0,0,0,0,0,0,0,buildOn,MANHATTAN,,1,0,0,1,0,0
60,1,1,0,0,0,0,0,0,0,0,Bushwick Hylan,BROOKLYN,Health services;Social services,2,0,1,0,0,0
61,0,0,0,0,1,0,0,0,1,1,Business United in Investing Lending and Development (Build),MANHATTAN,Education;Outreach and Advertising;Child services,1,0,0,1,0,0
62,1,1,1,0,1,0,0,0,1,1,CAMBA,BROOKLYN,Health services;Social services;Advocacy and Justice;Education;Outreach and Advertising;Child services,1,0,1,0,0,0
63,1,1,1,0,1,1,1,1,1,0,Canaan Senior Service Center,MANHATTAN,Health services;Social services;Advocacy and Justice;Education;Environment and Climate change;Recreation and Leisure;Technology and Innovation;Outreach and Advertising,2,0,0,1,0,0
64,1,1,1,0,1,0,1,0,1,0,Catholic Charities - Glenwood Senior Center,BROOKLYN,Health services;Social services;Advocacy and Justice;Education;Recreation and Leisure;Outreach and Advertising,2,0,1,0,0,0
65,1,1,1,0,1,0,1,0,1,1,Catholic Charities Brooklyn And Queens - Catholic Charities Neighborhood Services,BROOKLYN,Health services;Social services;Advocacy and Justice;Education;Recreation and Leisure;Outreach and Advertising;Child services,1,0,1,0,0,0
66,0,1,0,1,0,0,0,0,0,0,Catholic Charities Community Services,MANHATTAN,Social services;Food and Agriculture,1,0,0,1,0,0
67,1,1,1,0,1,0,1,0,1,1,CCNS Seaside Senior Center,QUEENS,Health services;Social services;Advocacy and Justice;Education;Recreation and Leisure;Outreach and Advertising;Child services,0,0,0,0,1,0
68,1,1,0,0,0,0,0,0,0,0,CCNS St. Charles Jubilee Senior Center,BROOKLYN,Health services;Social services,2,0,1,0,0,0
69,0,1,1,0,1,1,1,0,1,1,Center for Family Life - SCO Family of Services,,Social services;Advocacy and Justice;Education;Environment and Climate change;Recreation and Leisure;Outreach and Advertising;Child services,0,0,0,0,0,0
70,1,1,1,0,0,0,1,0,0,0,"Center for Independence of the Disabled, NY",MANHATTAN,Health services;Social services;Advocacy and Justice;Recreation and Leisure,1,0,0,1,0,0
71,1,1,0,0,0,0,0,0,0,0,"CenterLight Health System, Inc.",BRONX,Health services;Social services,2,1,0,0,0,0
72,0,0,0,0,0,1,1,0,1,0,Central Park Conservancy,MANHATTAN,Environment and Climate change;Recreation and Leisure;Outreach and Advertising,0,0,0,1,0,0
73,1,1,0,0,0,0,0,0,1,1,Chai Lifeline,MANHATTAN,Health services;Social services;Outreach and Advertising;Child services,1,0,0,1,0,0
74,0,0,0,0,1,0,1,0,1,1,Change For Kids,MANHATTAN,Education;Recreation and Leisure;Outreach and Advertising;Child services,1,0,0,1,0,0
75,1,1,1,0,1,0,1,0,1,1,CHAZAQ,QUEENS,Health services;Social services;Advocacy and Justice;Education;Recreation and Leisure;Outreach and Advertising;Child services,1,0,0,0,1,0
76,0,0,1,0,1,1,1,0,1,0,Chelsea Film Festival,MANHATTAN,Advocacy and Justice;Education;Environment and Climate change;Recreation and Leisure;Outreach and Advertising,1,0,0,1,0,0
77,0,1,1,0,0,0,1,0,0,1,Chhaya Community Development Corporation,QUEENS,Social services;Advocacy and Justice;Recreation and Leisure;Child services,1,0,0,0,1,0
78,1,0,0,0,0,0,0,0,1,1,"Children of Promise, NYC",BROOKLYN,Health services;Outreach and Advertising;Child services,2,0,1,0,0,0
79,1,1,1,0,1,0,0,0,1,1,Children's Aid,MANHATTAN,Health services;Social services;Advocacy and Justice;Education;Outreach and Advertising;Child services,1,0,0,1,0,0
80,0,0,0,0,1,0,1,0,1,0,"Choral Chameleon, Inc.",BROOKLYN,Education;Recreation and Leisure;Outreach and Advertising,1,0,1,0,0,0
81,1,1,1,1,1,0,1,0,1,1,"Christ Disciples International Ministries, Inc.",BRONX,Health services;Social services;Advocacy and Justice;Food and Agriculture;Education;Recreation and Leisure;Outreach and Advertising;Child services,1,1,0,0,0,0
82,1,1,0,0,0,0,0,0,0,0,Christopher Blenman Neighborhood Center,BROOKLYN,Health services;Social services,2,0,1,0,0,0
83,1,1,1,0,1,0,1,0,1,0,"CHSCC - Central Harlem Senior Citizens' Centers, Inc.",MANHATTAN,Health services;Social services;Advocacy and Justice;Education;Recreation and Leisure;Outreach and Advertising,1,0,0,1,0,0
84,0,0,1,0,0,0,0,0,0,1,CIANA,QUEENS,Advocacy and Justice;Child services,0,0,0,0,1,0
85,0,1,1,0,1,0,1,0,1,1,"Cienfuegos Foundation, Inc.",QUEENS,Social services;Advocacy and Justice;Education;Recreation and Leisure;Outreach and Advertising;Child services,1,0,0,0,1,0
86,0,0,0,0,0,0,0,0,1,1,Citizen Schools,MANHATTAN,Outreach and Advertising;Child services,1,0,0,1,0,0
87,0,1,1,0,1,1,1,0,1,1,Citizens Committee for New York City,MANHATTAN,Social services;Advocacy and Justice;Education;Environment and Climate change;Recreation and Leisure;Outreach and Advertising;Child services,1,0,0,1,0,0
88,0,1,1,1,0,0,0,0,0,0,City Harvest,MANHATTAN,Social services;Advocacy and Justice;Food and Agriculture,1,0,0,1,0,0
89,1,1,1,0,0,0,1,0,1,0,Citymeals on Wheels,MANHATTAN,Health services;Social services;Advocacy and Justice;Recreation and Leisure;Outreach and Advertising,1,0,0,1,0,0
90,0,1,1,0,0,0,0,0,0,0,Civic Engagement Commission,MANHATTAN,Social services;Advocacy and Justice,1,0,0,1,0,0
91,1,1,0,0,0,0,0,0,0,0,Clinton Neighborhood Center (Project FIND),MANHATTAN,Health services;Social services,2,0,0,1,0,0
92,1,1,0,0,1,0,1,0,1,1,"Clothed With Love, Inc.",BROOKLYN,Health services;Social services;Education;Recreation and Leisure;Outreach and Advertising;Child services,1,0,1,0,0,0
93,0,1,1,0,1,0,0,0,1,1,Club Migrante Chinelos de Morelos en Nueva York,QUEENS,Social services;Advocacy and Justice;Education;Outreach and Advertising;Child services,0,0,0,0,1,0
94,1,1,0,0,0,0,0,0,0,0,Co - Op Village NORC of the Educational Alliance,MANHATTAN,Health services;Social services,2,0,0,1,0,0
95,1,1,1,0,1,0,0,0,1,1,College Goal New York,BRONX,Health services;Social services;Advocacy and Justice;Education;Outreach and Advertising;Child services,1,1,0,0,0,0
96,1,1,1,0,1,1,1,0,1,1,College of Mount Saint Vincent,BRONX,Health services;Social services;Advocacy and Justice;Education;Environment and Climate change;Recreation and Leisure;Outreach and Advertising;Child services,1,1,0,0,0,0
97,1,1,0,0,0,0,0,0,0,0,Community Agency for Senior Citizens,STATEN IS,Health services;Social services,2,0,0,0,0,1
98,1,1,1,0,0,0,1,0,0,0,Community Health Action of Staten Island,STATEN IS,Health services;Social services;Advocacy and Justice;Recreation and Leisure,1,0,0,0,0,1
99,1,1,1,0,0,0,1,0,0,0,Community Health Action of Staten Island,STATEN IS,Health services;Social services;Advocacy and Justice;Recreation and Leisure,0,0,0,0,0,1
100,1,1,1,0,0,0,1,0,0,0,Community Health Action of Staten Island,STATEN IS,Social services,1,0,0,0,0,1
101,1,1,1,0,0,0,1,0,0,0,Community Health Action of Staten Island,STATEN IS,Social services,0,0,0,0,0,1
102,1,1,1,0,0,0,1,0,0,0,Community Health Action of Staten Island,STATEN IS,Health services;Social services;Advocacy and Justice;Recreation and Leisure,1,0,0,0,0,1
103,1,1,1,0,0,0,1,0,0,0,Community Health Action of Staten Island,STATEN IS,Health services;Social services;Advocacy and Justice;Recreation and Leisure,0,0,0,0,0,1
104,1,1,1,0,0,0,1,0,0,0,Community Health Action of Staten Island,STATEN IS,Social services,1,0,0,0,0,1
105,1,1,1,0,0,0,1,0,0,0,Community Health Action of Staten Island,STATEN IS,Social services,0,0,0,0,0,1
106,0,1,0,0,0,0,0,0,0,0,Community Health Action of Staten Island,STATEN IS,Health services;Social services;Advocacy and Justice;Recreation and Leisure,1,0,0,0,0,1
107,0,1,0,0,0,0,0,0,0,0,Community Health Action of Staten Island,STATEN IS,Health services;Social services;Advocacy and Justice;Recreation and Leisure,0,0,0,0,0,1
108,0,1,0,0,0,0,0,0,0,0,Community Health Action of Staten Island,STATEN IS,Social services,1,0,0,0,0,1
109,0,1,0,0,0,0,0,0,0,0,Community Health Action of Staten Island,STATEN IS,Social services,0,0,0,0,0,1
110,0,1,0,0,0,0,0,0,0,0,Community Health Action of Staten Island,STATEN IS,Health services;Social services;Advocacy and Justice;Recreation and Leisure,1,0,0,0,0,1
111,0,1,0,0,0,0,0,0,0,0,Community Health Action of Staten Island,STATEN IS,Health services;Social services;Advocacy and Justice;Recreation and Leisure,0,0,0,0,0,1
112,0,1,0,0,0,0,0,0,0,0,Community Health Action of Staten Island,STATEN IS,Social services,1,0,0,0,0,1
113,0,1,0,0,0,0,0,0,0,0,Community Health Action of Staten Island,STATEN IS,Social services,0,0,0,0,0,1
114,1,1,1,0,0,0,1,0,1,1,Community Health Center Association of NYS,MANHATTAN,Health services;Social services;Advocacy and Justice;Recreation and Leisure;Outreach and Advertising;Child services,1,0,0,1,0,0
115,1,1,1,0,0,1,0,0,1,1,Compassion Queens Sp SDA,QUEENS,Health services;Social services;Advocacy and Justice;Environment and Climate change;Outreach and Advertising;Child services,0,0,0,0,1,0
116,0,0,1,0,1,0,1,0,1,1,Comprehensive Youth Development,MANHATTAN,Advocacy and Justice;Education;Recreation and Leisure;Outreach and Advertising;Child services,1,0,0,1,0,0
117,1,1,1,0,1,1,1,0,1,1,"Concrete Safaris, Inc.",MANHATTAN,Health services;Social services;Advocacy and Justice;Education;Environment and Climate change;Recreation and Leisure;Outreach and Advertising;Child services,1,0,0,1,0,0
118,1,1,0,0,0,0,0,0,0,0,Coney Island Seaside Innovative Senior Center,BROOKLYN,Health services;Social services,2,0,1,0,0,0
119,1,1,1,0,0,0,1,0,1,1,Council of Peoples Organization,BROOKLYN,Health services;Social services;Advocacy and Justice;Recreation and Leisure;Outreach and Advertising;Child services,1,0,1,0,0,0
120,0,1,1,0,1,0,1,0,1,1,"Council on American - Islamic Relations, NY",QUEENS,Social services;Advocacy and Justice;Education;Recreation and Leisure;Outreach and Advertising;Child services,1,0,0,0,1,0
121,1,1,0,0,0,0,0,0,0,0,CPC Nanshan Senior Center,QUEENS,Health services;Social services,2,0,0,0,1,0
122,0,1,1,1,0,0,1,0,1,0,Crossover B.C. Community Health Center,QUEENS,Social services;Advocacy and Justice;Food and Agriculture;Recreation and Leisure;Outreach and Advertising,1,0,0,0,1,0
123,0,0,0,0,0,0,0,0,1,1,Cru,MANHATTAN,Outreach and Advertising;Child services,1,0,0,1,0,0
124,1,1,1,0,1,0,1,0,1,0,"Cypress Hills Fulton Street Senior Citizens Center, Inc.",BROOKLYN,Health services;Social services;Advocacy and Justice;Education;Recreation and Leisure;Outreach and Advertising,2,0,1,0,0,0
125,0,0,0,0,1,0,1,0,1,1,"Dance to Unite, Inc.",MANHATTAN,Education;Recreation and Leisure;Outreach and Advertising;Child services,1,0,0,1,0,0
126,1,1,1,0,1,0,1,0,1,1,Dance/ NYC,MANHATTAN,Health services;Social services;Advocacy and Justice;Education;Recreation and Leisure;Outreach and Advertising;Child services,1,0,0,1,0,0
127,0,0,0,0,1,0,0,0,1,0,Department of Education - Division of Family and Community Engagement,MANHATTAN,Education;Outreach and Advertising,1,0,0,1,0,0
128,1,1,1,0,0,0,0,0,1,1,Department of Social Services,MANHATTAN,Health services;Social services;Advocacy and Justice;Outreach and Advertising;Child services,1,0,0,1,0,0
129,1,1,1,0,1,0,1,0,1,1,"Diana H. Jones Innovative Senior Center - Riseboro Community Partnership, Inc.",BROOKLYN,Health services;Social services;Advocacy and Justice;Education;Recreation and Leisure;Outreach and Advertising;Child services,2,0,1,0,0,0
130,1,1,0,0,0,0,0,0,0,0,DOROT,MANHATTAN,Health services;Social services,1,0,0,1,0,0
131,0,0,0,0,1,0,0,0,1,1,DREAM,MANHATTAN,Education;Outreach and Advertising;Child services,1,0,0,1,0,0
132,1,1,1,0,1,1,1,0,1,1,Drew Gardens - Educational and Recreational,BRONX,Health services;Social services;Advocacy and Justice;Education;Environment and Climate change;Recreation and Leisure;Outreach and Advertising;Child services,1,1,0,0,0,0
133,1,1,0,0,0,0,0,0,0,0,Dyckman Senior Center,MANHATTAN,Health services;Social services,2,0,0,1,0,0
134,0,1,1,0,1,1,1,0,1,1,"Earth Matter NY, Inc.",MANHATTAN,Social services;Advocacy and Justice;Education;Environment and Climate change;Recreation and Leisure;Outreach and Advertising;Child services,0,0,0,1,0,0
135,1,1,0,0,0,0,0,0,1,1,"East Harlem Council for Human Services, Inc.",MANHATTAN,Health services;Social services;Outreach and Advertising;Child services,2,0,0,1,0,0
136,0,0,0,0,1,0,0,0,1,0,East Harlem Tutorial Program,MANHATTAN,Education;Outreach and Advertising,1,0,0,1,0,0
137,0,1,0,0,1,0,0,0,1,1,Ecumenical Community Development Organization,MANHATTAN,Social services;Education;Outreach and Advertising;Child services,2,0,0,1,0,0
138,0,0,0,1,1,1,0,0,1,1,Edible Schoolyard NYC,BROOKLYN,Food and Agriculture;Education;Environment and Climate change;Outreach and Advertising;Child services,1,0,1,0,0,0
139,1,1,1,0,1,0,1,0,1,1,Educational Alliance's Manny Cantor Center,MANHATTAN,Health services;Social services;Advocacy and Justice;Education;Recreation and Leisure;Outreach and Advertising;Child services,1,0,0,1,0,0
140,0,0,1,0,1,1,0,0,1,1,El Puente,BROOKLYN,Advocacy and Justice;Education;Environment and Climate change;Outreach and Advertising;Child services,0,0,1,0,0,0
141,1,1,1,0,1,0,0,0,1,1,Elite Community Foundation,QUEENS,Health services;Social services;Advocacy and Justice;Education;Outreach and Advertising;Child services,1,0,0,0,1,0
142,1,1,0,0,0,0,0,0,0,0,Elmcor's Golden Phoenix Club Two,QUEENS,Health services;Social services,2,0,0,0,1,0
143,0,1,1,0,0,0,1,0,1,0,Emergency Shelter Network - Subsidiary of New York Disaster Interfaith Services,MANHATTAN,Social services;Advocacy and Justice;Recreation and Leisure;Outreach and Advertising,1,0,0,1,0,0
144,1,1,0,0,0,0,0,0,0,0,Encore Community Services,MANHATTAN,Health services;Social services,1,0,0,1,0,0
145,0,0,1,0,0,0,0,0,0,1,"Espoir, Inc.",MANHATTAN,Advocacy and Justice;Child services,1,0,0,1,0,0
146,0,1,1,1,1,1,0,0,1,1,Every Day is a Miracle,BRONX,Social services;Advocacy and Justice;Food and Agriculture;Education;Environment and Climate change;Outreach and Advertising;Child services,0,1,0,0,0,0
147,0,1,1,0,0,0,1,0,1,1,Faith in New York,QUEENS,Social services;Advocacy and Justice;Recreation and Leisure;Outreach and Advertising;Child services,1,0,0,0,1,0
148,1,1,0,0,0,0,0,0,0,0,Family Care Certified Services A Division of Tri-Borough Health Systems,BROOKLYN,Health services;Social services,1,0,1,0,0,0
149,0,0,1,0,0,0,0,0,1,1,Family Services Network of New York,BROOKLYN,Advocacy and Justice;Outreach and Advertising;Child services,1,0,1,0,0,0
150,1,1,1,0,0,1,1,0,0,0,Family2Family Community Project,BRONX,Health services;Social services;Advocacy and Justice;Environment and Climate change;Recreation and Leisure,1,1,0,0,0,0
151,1,1,0,0,1,0,0,0,1,1,Far Rockaway/ Arverne Nonprofit Coalition (FRANC),QUEENS,Health services;Social services;Education;Outreach and Advertising;Child services,1,0,0,0,1,0
152,0,1,1,0,0,0,1,0,1,1,"Father's Alive In The Hood, Inc.",QUEENS,Social services;Advocacy and Justice;Recreation and Leisure;Outreach and Advertising;Child services,0,0,0,0,1,0
153,0,0,0,0,0,0,0,0,1,1,"Filter Addict, Inc.",MANHATTAN,Outreach and Advertising;Child services,1,0,0,1,0,0
154,0,0,0,0,0,0,0,0,1,0,Fire Department City of New York,BROOKLYN,Outreach and Advertising,0,0,1,0,0,0
155,0,1,1,1,0,0,0,0,0,0,Food Bank For New York City,MANHATTAN,Social services;Advocacy and Justice;Food and Agriculture,1,0,0,1,0,0
156,0,1,1,0,1,0,1,0,1,1,Footsteps,MANHATTAN,Social services;Advocacy and Justice;Education;Recreation and Leisure;Outreach and Advertising;Child services,1,0,0,1,0,0
157,0,0,0,0,0,0,0,0,1,0,"For My People Empowerment, Inc.",,Outreach and Advertising,0,0,0,0,0,0
158,0,1,1,0,0,0,0,0,1,1,"Forestdale, Inc.",QUEENS,Social services;Advocacy and Justice;Outreach and Advertising;Child services,1,0,0,0,1,0
159,1,1,0,0,0,0,0,0,0,0,Fort Greene Albany Neighborhood Center,BROOKLYN,Health services;Social services,2,0,1,0,0,0
160,1,1,0,0,0,0,0,0,0,0,Fort Greene Council - Christopher Blenman Neighborhood Center,BROOKLYN,Health services;Social services,2,0,1,0,0,0
161,1,1,0,0,0,0,0,0,0,0,"Fort Greene Council, Inc. - Hugh Gilroy Neighborhood Senior Center",BROOKLYN,Health services;Social services,2,0,1,0,0,0
162,0,0,0,0,1,1,1,0,1,0,"Fort Greene Park Conservancy, Inc.",BROOKLYN,Education;Environment and Climate change;Recreation and Leisure;Outreach and Advertising,1,0,1,0,0,0
163,0,1,0,0,1,0,0,0,1,0,Fort Greene Strategic Neighborhood Action Partnership,BROOKLYN,Social services;Education;Outreach and Advertising,1,0,1,0,0,0
164,1,1,1,0,1,0,1,0,1,0,Fort Independence Senior Center,BRONX,Health services;Social services;Advocacy and Justice;Education;Recreation and Leisure;Outreach and Advertising,2,1,0,0,0,0
165,1,0,0,0,1,0,0,0,1,1,Foundation for a Drug Free World,QUEENS,Health services;Education;Outreach and Advertising;Child services,1,0,0,0,1,0
166,1,1,1,0,0,1,1,0,1,0,Frederick Douglass Senior Center - Social Club,MANHATTAN,Health services;Social services;Advocacy and Justice;Environment and Climate change;Recreation and Leisure;Outreach and Advertising,2,0,0,1,0,0
167,0,0,0,0,1,0,1,0,1,1,Free Arts NYC,MANHATTAN,Education;Recreation and Leisure;Outreach and Advertising;Child services,1,0,0,1,0,0
168,0,0,0,0,0,1,0,0,0,0,Friends of Corlears Hook Park,MANHATTAN,Environment and Climate change,0,0,0,1,0,0
169,0,0,1,0,1,0,1,0,1,1,Friends of Gerritsen Beach Library,BROOKLYN,Advocacy and Justice;Education;Recreation and Leisure;Outreach and Advertising;Child services,2,0,1,0,0,0
170,0,0,1,0,0,1,1,0,0,0,Friends of MacDonald Park,QUEENS,Advocacy and Justice;Environment and Climate change;Recreation and Leisure,0,0,0,0,1,0
171,1,1,1,0,1,1,1,0,1,1,Friends of Mosholu Parkland,BRONX,Health services;Social services;Advocacy and Justice;Education;Environment and Climate change;Recreation and Leisure;Outreach and Advertising;Child services,1,1,0,0,0,0
172,1,1,1,0,1,1,1,0,1,1,Friends of Tremont Park,BRONX,Health services;Social services;Advocacy and Justice;Education;Environment and Climate change;Recreation and Leisure;Outreach and Advertising;Child services,0,1,0,0,0,0
173,0,1,1,0,0,0,0,0,0,0,Friends Shelter,MANHATTAN,Social services;Advocacy and Justice,1,0,0,1,0,0
174,1,1,0,0,0,0,0,0,1,1,GallopNYC,QUEENS,Health services;Social services;Outreach and Advertising;Child services,1,0,0,0,1,0
175,0,1,1,0,0,0,1,0,0,1,Garra (formerly Cidad√£o Global),,Social services;Advocacy and Justice;Recreation and Leisure;Child services,1,0,0,0,0,0
176,1,1,1,0,0,0,1,0,1,0,Gay Men's Health Crisis (GMHC),MANHATTAN,Health services;Social services;Advocacy and Justice;Recreation and Leisure;Outreach and Advertising,1,0,0,1,0,0
177,0,0,0,0,1,0,0,0,1,0,Generation Citizen,MANHATTAN,Education;Outreach and Advertising,1,0,0,1,0,0
178,0,0,0,0,0,0,0,0,1,1,Girl Scouts of Greater NY,MANHATTAN,Outreach and Advertising;Child services,1,0,0,1,0,0
179,0,0,0,0,0,0,0,0,1,1,Girls on the Run NYC,BROOKLYN,Outreach and Advertising;Child services,1,0,1,0,0,0
180,0,1,1,0,1,0,1,0,1,1,Glow Community Center,QUEENS,Social services;Advocacy and Justice;Education;Recreation and Leisure;Outreach and Advertising;Child services,0,0,0,0,1,0
181,1,1,1,0,0,0,0,0,0,0,"God Bless You All, Inc.",QUEENS,Health services;Social services;Advocacy and Justice,1,0,0,0,1,0
182,1,0,0,1,0,0,0,0,0,0,God's Love We Deliver,MANHATTAN,Health services;Food and Agriculture,1,0,0,1,0,0
183,0,0,0,0,1,0,0,0,1,1,Goddard Riverside Community Center - Star Learning Center,MANHATTAN,Education;Outreach and Advertising;Child services,1,0,0,1,0,0
184,0,0,0,0,1,1,1,0,1,1,GOH Productions,MANHATTAN,Education;Environment and Climate change;Recreation and Leisure;Outreach and Advertising;Child services,1,0,0,1,0,0
185,0,1,1,0,0,0,0,0,1,1,Good Shepherd Services,MANHATTAN,Social services;Advocacy and Justice;Outreach and Advertising;Child services,1,0,0,1,0,0
186,0,0,0,0,0,1,0,0,0,0,Gowanus Canal Conservancy,BROOKLYN,Environment and Climate change,0,0,1,0,0,0
187,1,1,1,0,1,0,0,0,1,1,Grand Street Settlement,MANHATTAN,Health services;Social services;Advocacy and Justice;Education;Outreach and Advertising;Child services,2,0,0,1,0,0
188,1,1,0,0,0,0,0,0,0,0,Great Kills Neighborhood Center,STATEN IS,Health services;Social services,2,0,0,0,0,1
189,0,0,1,0,0,0,1,0,0,0,Greater Flushing Chamber of Commmerce,QUEENS,Advocacy and Justice;Recreation and Leisure,0,0,0,0,1,0
190,0,0,0,0,1,1,0,0,1,0,Greenbelt Conservancy,STATEN IS,Education;Environment and Climate change;Outreach and Advertising,1,0,0,0,0,1
191,0,1,1,0,0,1,0,0,0,0,Greenpoint Reformed Church Hunger Program,BROOKLYN,Social services;Advocacy and Justice;Environment and Climate change,1,0,1,0,0,0
192,0,0,0,0,0,0,0,0,1,1,"Greenpoint Spartans, Inc.",BROOKLYN,Outreach and Advertising;Child services,1,0,1,0,0,0
193,1,1,0,0,0,0,0,0,0,0,Greenwich House Center on the Square,MANHATTAN,Health services;Social services,2,0,0,1,0,0
194,1,1,1,0,1,0,1,0,1,0,Greenwich House JCW Senior Center,MANHATTAN,Health services;Social services;Advocacy and Justice;Education;Recreation and Leisure;Outreach and Advertising,2,0,0,1,0,0
195,0,0,0,0,0,1,0,0,0,0,GrowNYC,,Environment and Climate change,1,0,0,0,0,0
196,0,0,0,0,1,0,0,0,1,0,Grupo Juego y Lectura de Sunset Park,BROOKLYN,Education;Outreach and Advertising,0,0,1,0,0,0
197,0,1,1,0,0,0,1,0,0,0,Habitat for Humanity New York City,MANHATTAN,Social services;Advocacy and Justice;Recreation and Leisure,1,0,0,1,0,0
198,1,1,1,0,1,0,1,0,1,1,Hamilton - Madison House,MANHATTAN,Health services;Social services;Advocacy and Justice;Education;Recreation and Leisure;Outreach and Advertising;Child services,2,0,0,1,0,0
199,1,1,1,0,1,1,1,0,1,1,HANAC - Angelo Petromelis Senior Center,QUEENS,Health services;Social services;Advocacy and Justice;Education;Environment and Climate change;Recreation and Leisure;Outreach and Advertising;Child services,1,0,0,0,1,0
200,1,1,0,0,0,0,0,0,0,0,HANAC - Ravenswood Senior Center,,Health services;Social services,2,0,0,0,0,0
201,1,1,1,0,1,0,1,0,1,1,"HANAC, Inc.",QUEENS,Health services;Social services;Advocacy and Justice;Education;Recreation and Leisure;Outreach and Advertising;Child services,1,0,0,0,1,0
202,0,0,0,0,1,1,0,0,1,1,HarborLAB,QUEENS,Education;Environment and Climate change;Outreach and Advertising;Child services,1,0,0,0,1,0
203,1,1,0,0,0,0,0,0,1,1,Harlem Dowling - West Side Center,MANHATTAN,Health services;Social services;Outreach and Advertising;Child services,1,0,0,1,0,0
204,0,0,0,0,1,0,0,0,1,1,Harlem Educational Activities Fund (HEAF),MANHATTAN,Education;Outreach and Advertising;Child services,1,0,0,1,0,0
205,1,1,1,0,0,0,0,0,1,1,HeartShare Human Services of NY,BROOKLYN,Health services;Social services;Advocacy and Justice;Outreach and Advertising;Child services,1,0,1,0,0,0
206,1,1,1,0,1,0,1,0,1,1,Hebrew Home at Riverdale,BRONX,Health services;Social services;Advocacy and Justice;Education;Recreation and Leisure;Outreach and Advertising;Child services,1,1,0,0,0,0
207,1,1,0,0,0,0,0,0,0,0,Heights and Hills,BROOKLYN,Health services;Social services,0,0,1,0,0,0
208,0,1,1,0,0,0,0,0,0,0,Helene & BJ's Place,,Social services;Advocacy and Justice,1,0,0,0,0,0
209,1,1,1,0,1,0,1,0,1,1,Henry Street Settlement,BROOKLYN,Health services;Social services;Advocacy and Justice;Education;Recreation and Leisure;Outreach and Advertising;Child services,1,0,1,0,0,0
210,0,0,0,0,1,0,0,0,1,1,"Highbridge Advisory Council Family Servicers, Inc.",BRONX,Education;Outreach and Advertising;Child services,1,1,0,0,0,0
211,0,0,1,0,0,1,1,0,1,0,Historic Districts Council,MANHATTAN,Advocacy and Justice;Environment and Climate change;Recreation and Leisure;Outreach and Advertising,2,0,0,1,0,0
212,1,1,1,0,0,1,1,0,1,1,Holy Apostles Soup Kitchen,MANHATTAN,Health services;Social services;Advocacy and Justice;Environment and Climate change;Recreation and Leisure;Outreach and Advertising;Child services,1,0,0,1,0,0
213,1,1,0,0,0,0,0,0,0,0,Homecrest Bensonhurst Neighborhood Senior Center,BROOKLYN,Health services;Social services,2,0,1,0,0,0
214,1,1,1,0,1,1,1,0,1,1,Hostos Community College,BRONX,Health services;Social services;Advocacy and Justice;Education;Environment and Climate change;Recreation and Leisure;Outreach and Advertising;Child services,1,1,0,0,0,0
215,1,1,0,0,0,0,0,0,0,0,House of Jacob Senior Center,BROOKLYN,Health services;Social services,2,0,1,0,0,0
216,1,1,0,0,1,0,1,0,1,1,Hudson Guild,MANHATTAN,Health services;Social services;Education;Recreation and Leisure;Outreach and Advertising;Child services,1,0,0,1,0,0
217,0,1,1,0,0,0,1,0,0,0,Hunger Free America,MANHATTAN,Social services;Advocacy and Justice;Recreation and Leisure,1,0,0,1,0,0
218,0,0,0,0,1,0,0,0,1,1,HYPOTHEkids,MANHATTAN,Education;Outreach and Advertising;Child services,1,0,0,1,0,0
219,0,0,0,0,1,0,0,0,1,1,iCouldBe,MANHATTAN,Education;Outreach and Advertising;Child services,1,0,0,1,0,0
220,0,0,0,0,1,0,1,0,1,1,Imani House Adult Literacy Program,BROOKLYN,Education;Recreation and Leisure;Outreach and Advertising;Child services,1,0,1,0,0,0
221,0,0,0,0,1,0,0,0,1,1,iMentor,MANHATTAN,Education;Outreach and Advertising;Child services,1,0,0,1,0,0
222,1,1,0,0,0,0,0,0,0,0,Independence Neighborhood Center,BROOKLYN,Health services;Social services,2,0,1,0,0,0
223,1,1,0,0,1,0,1,0,1,1,Independence Plaza Senior Center,MANHATTAN,Health services;Social services;Education;Recreation and Leisure;Outreach and Advertising;Child services,1,0,0,1,0,0
224,1,1,1,0,1,0,1,0,1,1,"India Home, Inc.",QUEENS,Health services;Social services;Advocacy and Justice;Education;Recreation and Leisure;Outreach and Advertising;Child services,1,0,0,0,1,0
225,0,0,0,0,1,0,0,0,1,0,"Innovations For Learning, Inc.",,Education;Outreach and Advertising,1,0,0,0,0,0
226,1,1,1,0,1,0,1,0,1,1,Institute for Family Health,MANHATTAN,Health services;Social services;Advocacy and Justice;Education;Recreation and Leisure;Outreach and Advertising;Child services,1,0,0,1,0,0
227,0,0,1,0,0,0,0,0,0,0,International Rescue Committee,MANHATTAN,Advocacy and Justice,1,0,0,1,0,0
228,0,1,0,0,1,0,1,0,1,0,"Intrepid Sea, Air & Space Museum",,Social services;Education;Recreation and Leisure;Outreach and Advertising,2,0,0,0,0,0
229,1,1,1,0,1,0,1,0,1,0,IPRHE,BRONX,Health services;Social services;Advocacy and Justice;Education;Recreation and Leisure;Outreach and Advertising,2,1,0,0,0,0
230,1,1,0,0,0,0,0,0,0,0,IPRHE Arturo Schomburg Senior Center,BRONX,Health services;Social services,1,1,0,0,0,0
231,1,1,0,0,0,0,0,0,0,0,Isabella a Member of MJHS System,MANHATTAN,Health services;Social services,1,0,0,1,0,0
232,1,1,1,0,1,0,1,0,1,1,Jacob A. Riis Neighborhood Settlement,QUEENS,Health services;Social services;Advocacy and Justice;Education;Recreation and Leisure;Outreach and Advertising;Child services,1,0,0,0,1,0
233,1,1,0,0,0,0,0,0,1,0,Jamaica Estates Holliswood Vol Ambulance Corps,QUEENS,Health services;Social services;Outreach and Advertising,1,0,0,0,1,0
234,1,1,1,0,1,0,1,0,1,1,JASA,MANHATTAN,Health services;Social services;Advocacy and Justice;Education;Recreation and Leisure;Outreach and Advertising;Child services,2,0,0,1,0,0
235,1,1,0,0,0,0,0,0,0,0,JASA CIAA - NORC,BROOKLYN,Health services;Social services,2,0,1,0,0,0
236,1,1,1,0,0,0,1,0,0,0,JASA Far Rockaway,QUEENS,Health services;Social services;Advocacy and Justice;Recreation and Leisure,2,0,0,0,1,0
237,1,1,0,0,1,0,1,0,1,0,JCC of Staten Island,STATEN IS,Health services;Social services;Education;Recreation and Leisure;Outreach and Advertising,2,0,0,0,0,1
238,1,1,0,0,0,0,0,0,0,0,Jewish Community Council of Greater Coney Island,BROOKLYN,Health services;Social services,2,0,1,0,0,0
239,1,1,0,0,0,0,0,0,0,0,John Paul II Friendship Center,MANHATTAN,Health services;Social services,2,0,0,1,0,0
240,0,1,0,0,1,0,0,0,1,1,Junior Achievement of New York,MANHATTAN,Social services;Education;Outreach and Advertising;Child services,0,0,0,1,0,0
241,0,0,0,0,0,0,0,0,1,1,"Junior Tennis Clinic, Inc.",BROOKLYN,Outreach and Advertising;Child services,1,0,1,0,0,0
242,1,1,1,0,0,0,0,0,1,1,KCS,QUEENS,Health services;Social services;Advocacy and Justice;Outreach and Advertising;Child services,2,0,0,0,1,0
243,1,1,1,0,1,0,1,0,1,0,Kew Gardens Community Center,QUEENS,Health services;Social services;Advocacy and Justice;Education;Recreation and Leisure;Outreach and Advertising,2,0,0,0,1,0
244,0,0,0,0,0,0,0,0,1,1,Kings Against Violence Initiative,BROOKLYN,Outreach and Advertising;Child services,1,0,1,0,0,0
245,0,1,0,0,1,0,0,0,1,1,Kingsbridge Heights Community Center,BRONX,Social services;Education;Outreach and Advertising;Child services,1,1,0,0,0,0
246,0,1,0,0,0,1,0,0,1,1,Kissena Synergy,QUEENS,Social services;Environment and Climate change;Outreach and Advertising;Child services,0,0,0,0,1,0
247,0,0,1,0,1,0,0,0,1,0,KittyKind,,Advocacy and Justice;Education;Outreach and Advertising,1,0,0,0,0,0
248,1,1,1,1,1,0,1,0,1,1,La Jornada,QUEENS,Health services;Social services;Advocacy and Justice;Food and Agriculture;Education;Recreation and Leisure;Outreach and Advertising;Child services,1,0,0,0,1,0
249,0,0,0,0,0,0,0,0,1,0,Landmarks Preservation Commission,MANHATTAN,Outreach and Advertising,1,0,0,1,0,0
250,0,1,1,0,0,0,0,0,0,0,Lantern Community Services,MANHATTAN,Social services;Advocacy and Justice,1,0,0,1,0,0
251,0,0,0,0,1,0,0,0,1,1,"Latinas On the Verge of Excellence - L.O.V.E., Inc.",,Education;Outreach and Advertising;Child services,1,0,0,0,0,0
252,0,1,0,0,1,0,0,0,0,0,Lehman College - Office of International Programs & Community Engagement,BRONX,Social services;Education,1,1,0,0,0,0
253,1,0,0,0,0,0,0,0,0,0,Lenox Hill Hospital,MANHATTAN,Health services,1,0,0,1,0,0
254,1,1,1,0,1,0,1,0,1,1,Lenox Hill Neighborhood House,MANHATTAN,Health services;Social services;Advocacy and Justice;Education;Recreation and Leisure;Outreach and Advertising;Child services,1,0,0,1,0,0
255,0,0,0,0,1,0,0,0,1,0,Let's Get Ready,MANHATTAN,Education;Outreach and Advertising,2,0,0,1,0,0
256,1,1,0,0,0,0,0,0,1,1,Lighthouse Guild International,MANHATTAN,Health services;Social services;Outreach and Advertising;Child services,1,0,0,1,0,0
257,0,0,0,0,1,0,0,0,1,1,"Literacy, Inc.",MANHATTAN,Education;Outreach and Advertising;Child services,1,0,0,1,0,0
258,0,0,0,0,0,0,0,0,1,1,Little Essentials,MANHATTAN,Outreach and Advertising;Child services,1,0,0,1,0,0
259,0,1,1,0,1,0,1,0,1,1,Little Sisters of the Assumption Family Health Service,MANHATTAN,Social services;Advocacy and Justice;Education;Recreation and Leisure;Outreach and Advertising;Child services,1,0,0,1,0,0
260,1,0,0,0,0,0,0,0,0,0,LiveOnNY,MANHATTAN,Health services,1,0,0,1,0,0
261,0,0,0,0,0,1,0,0,0,0,Long Island City Business Improvement District,QUEENS,Environment and Climate change,1,0,0,0,1,0
262,1,1,1,0,1,1,1,0,1,1,Long Island University,BROOKLYN,Health services;Social services;Advocacy and Justice;Education;Environment and Climate change;Recreation and Leisure;Outreach and Advertising;Child services,1,0,1,0,0,0
263,1,1,1,0,0,0,1,0,0,0,Long Term Care Ombudsman Program for New York City,MANHATTAN,Health services;Social services;Advocacy and Justice;Recreation and Leisure,2,0,0,1,0,0
264,0,0,1,0,1,1,1,0,1,0,Lower East Side Ecology Center,,Advocacy and Justice;Education;Environment and Climate change;Recreation and Leisure;Outreach and Advertising,1,0,0,0,0,0
265,1,1,0,0,0,0,0,0,0,0,LSNC West 65th Street Center/NORC at Goddard Riverside Community Center,MANHATTAN,Health services;Social services,1,0,0,1,0,0
266,0,0,0,0,0,0,0,0,0,0,Macaulay Honors College,MANHATTAN,,1,0,0,1,0,0
267,1,1,1,0,1,0,1,0,1,1,Maimonides Medical Center,BROOKLYN,Health services;Social services;Advocacy and Justice;Education;Recreation and Leisure;Outreach and Advertising;Child services,1,0,1,0,0,0
268,1,1,0,0,0,0,0,0,1,1,Make - A - Wish Metro New York and Western New York,MANHATTAN,Health services;Social services;Outreach and Advertising;Child services,1,0,0,1,0,0
269,1,1,1,0,1,0,1,0,1,1,Make the Road New York,QUEENS,Health services;Social services;Advocacy and Justice;Education;Recreation and Leisure;Outreach and Advertising;Child services,1,0,0,0,1,0
270,0,0,0,0,1,0,1,0,1,0,Mano a Mano - Mexican Culture Without Borders,MANHATTAN,Education;Recreation and Leisure;Outreach and Advertising,1,0,0,1,0,0
271,1,1,1,0,1,0,1,0,1,1,Marlene Meyerson JCC Manhattan,MANHATTAN,Health services;Social services;Advocacy and Justice;Education;Recreation and Leisure;Outreach and Advertising;Child services,2,0,0,1,0,0
272,0,0,0,0,0,0,1,0,1,0,Mayor's Office of Citywide Event Coordination and Management,MANHATTAN,Recreation and Leisure;Outreach and Advertising,1,0,0,1,0,0
273,0,0,1,0,0,0,0,0,0,0,Mayor's Office of Criminal Justice,MANHATTAN,Advocacy and Justice,1,0,0,1,0,0
274,0,1,1,0,1,0,1,0,1,0,Mayor's Office of Data Analytics (MODA),MANHATTAN,Social services;Advocacy and Justice;Education;Recreation and Leisure;Outreach and Advertising,1,0,0,1,0,0
275,0,0,1,0,0,0,1,0,0,1,Mayor's Office of Immigrant Affairs,MANHATTAN,Advocacy and Justice;Recreation and Leisure;Child services,1,0,0,1,0,0
276,0,1,1,0,0,0,1,0,1,0,Mayor's Office of Special Projects and Community Events,MANHATTAN,Social services;Advocacy and Justice;Recreation and Leisure;Outreach and Advertising,1,0,0,1,0,0
277,0,0,0,0,0,1,0,0,0,0,Mayor's Office of Sustainability,MANHATTAN,Environment and Climate change,1,0,0,1,0,0
278,0,0,0,0,1,0,0,0,1,0,Mercy College,,Education;Outreach and Advertising,1,0,0,0,0,0
279,1,1,1,1,0,0,0,0,0,1,Met Council,MANHATTAN,Health services;Social services;Advocacy and Justice;Food and Agriculture;Child services,1,0,0,1,0,0
280,1,0,1,0,1,0,1,0,1,1,Mexican Coalition,BRONX,Health services;Advocacy and Justice;Education;Recreation and Leisure;Outreach and Advertising;Child services,1,1,0,0,0,0
281,1,1,0,1,1,0,1,0,1,0,Mill Basin Active Adults,BROOKLYN,Health services;Social services;Food and Agriculture;Education;Recreation and Leisure;Outreach and Advertising,1,0,1,0,0,0
282,1,1,0,0,0,0,0,0,1,1,Millennium Development,BROOKLYN,Health services;Social services;Outreach and Advertising;Child services,2,0,1,0,0,0
283,1,1,0,0,0,0,0,0,0,0,Millennium Development Vandalia Neighborhood Senior Center,BROOKLYN,Health services;Social services,2,0,1,0,0,0
284,1,1,1,0,1,0,1,0,1,0,Mitchell Senior Center,,Health services;Social services;Advocacy and Justice;Education;Recreation and Leisure;Outreach and Advertising,1,0,0,0,0,0
285,1,1,1,0,1,0,1,0,1,1,"Mixteca Organization, Inc.",BROOKLYN,Health services;Social services;Advocacy and Justice;Education;Recreation and Leisure;Outreach and Advertising;Child services,1,0,1,0,0,0
286,1,1,0,0,0,0,0,0,0,0,MM Bethune Senior Center,MANHATTAN,Health services;Social services,2,0,0,1,0,0
287,0,0,1,0,1,1,1,0,1,1,Mobilization for Change Community Garden,MANHATTAN,Advocacy and Justice;Education;Environment and Climate change;Recreation and Leisure;Outreach and Advertising;Child services,1,0,0,1,0,0
288,1,1,0,0,0,0,0,0,0,0,"Modest Community Services Association, Inc.",STATEN IS,Health services;Social services,1,0,0,0,0,1
289,0,0,0,1,0,0,0,0,0,0,Monday Night Hospitality,MANHATTAN,Food and Agriculture,1,0,0,1,0,0
290,0,0,1,0,1,1,1,0,1,1,More Gardens Fund,MANHATTAN,Advocacy and Justice;Education;Environment and Climate change;Recreation and Leisure;Outreach and Advertising;Child services,0,0,0,1,0,0
291,1,1,1,0,0,0,0,0,1,1,Mosholu Montefiore Community Center,BRONX,Health services;Social services;Advocacy and Justice;Outreach and Advertising;Child services,2,1,0,0,0,0
292,1,1,0,0,0,0,0,0,0,0,Mount Loretto Neighborhood Senior Center,STATEN IS,Health services;Social services,1,0,0,0,0,1
293,1,0,0,0,0,0,0,0,0,0,Mount Sinai Sexual Assault and Violence Intervention Program (SAVI),,Health services,1,0,0,0,0,0
294,1,0,0,0,0,0,0,0,0,0,Mount Sinai St. Luke's Hospital,MANHATTAN,Health services,1,0,0,1,0,0
295,1,0,0,0,0,0,0,0,0,0,Mount Sinai West Hospital,MANHATTAN,Health services,1,0,0,1,0,0
296,1,1,0,0,1,0,1,0,1,0,Musicians On Call,MANHATTAN,Health services;Social services;Education;Recreation and Leisure;Outreach and Advertising,1,0,0,1,0,0
297,1,0,1,0,0,0,0,0,1,1,"My Friends Place NY, Inc.",BROOKLYN,Health services;Advocacy and Justice;Outreach and Advertising;Child services,0,0,1,0,0,0
298,1,1,1,0,0,0,0,0,1,0,National Association of Hispanic Healthcare Executives,MANHATTAN,Health services;Social services;Advocacy and Justice;Outreach and Advertising,1,0,0,1,0,0
299,0,0,1,0,1,0,1,0,1,1,"National Youth Organization of Pakistan, Inc.",BROOKLYN,Advocacy and Justice;Education;Recreation and Leisure;Outreach and Advertising;Child services,1,0,1,0,0,0
300,0,0,0,0,0,1,0,0,0,0,Natural Areas Conservancy,MANHATTAN,Environment and Climate change,1,0,0,1,0,0
301,0,1,1,0,0,0,0,0,0,0,Neighborhood Coalition for Shelter,MANHATTAN,Social services;Advocacy and Justice,1,0,0,1,0,0
302,0,1,0,0,0,0,0,0,0,0,"Neighborhood Housing Services of Jamaica, Inc.",QUEENS,Social services,1,0,0,0,1,0
303,1,1,1,0,1,0,1,0,1,1,Neighborhood SHOPP,BRONX,Health services;Social services;Advocacy and Justice;Education;Recreation and Leisure;Outreach and Advertising;Child services,2,1,0,0,0,0
304,0,0,0,0,1,0,1,0,1,1,Neighborhood Work Play Kids Theatre,,Education;Recreation and Leisure;Outreach and Advertising;Child services,1,0,0,0,0,0
305,0,0,0,0,1,0,0,1,0,0,New York Academy of Sciences,MANHATTAN,Education;Technology and Innovation,1,0,0,1,0,0
306,1,0,0,0,0,0,0,0,0,0,New York Blood Center,,Health services,2,0,0,0,0,0
307,1,1,1,0,1,1,1,0,1,1,New York Cares,MANHATTAN,Health services;Social services;Advocacy and Justice;Education;Environment and Climate change;Recreation and Leisure;Outreach and Advertising;Child services,1,0,0,1,0,0
308,0,1,1,0,1,0,1,0,1,0,New York City Department of Correction,QUEENS,Social services;Advocacy and Justice;Education;Recreation and Leisure;Outreach and Advertising,1,0,0,0,1,0
309,0,0,1,0,0,1,0,0,0,0,"New York City Department of Environmental Protection, Organizational Development and Human Resources",QUEENS,Advocacy and Justice;Environment and Climate change,1,0,0,0,1,0
310,0,0,0,0,0,0,0,0,1,0,New York City Emergency Management Department,BROOKLYN,Outreach and Advertising,1,0,1,0,0,0
311,0,0,1,0,0,1,1,0,1,1,New York City Housing Authority,MANHATTAN,Advocacy and Justice;Environment and Climate change;Recreation and Leisure;Outreach and Advertising;Child services,1,0,0,1,0,0
312,0,0,0,0,1,0,1,0,0,0,New York City Lions Youth Football League,MANHATTAN,Education;Recreation and Leisure,1,0,0,1,0,0
313,1,1,0,0,0,0,0,0,1,0,New York City Medical Reserve Corps,QUEENS,Health services;Social services;Outreach and Advertising,1,0,0,0,1,0
314,0,1,1,0,0,0,0,0,1,0,New York City Relief,,Social services;Advocacy and Justice;Outreach and Advertising,1,0,0,0,0,0
315,0,1,1,0,1,0,1,0,1,1,New York Disaster Interfaith Services,MANHATTAN,Social services;Advocacy and Justice;Education;Recreation and Leisure;Outreach and Advertising;Child services,1,0,0,1,0,0
316,0,0,0,0,1,0,1,0,1,1,New York Edge,QUEENS,Education;Recreation and Leisure;Outreach and Advertising;Child services,1,0,0,0,1,0
317,0,0,1,0,0,0,1,0,0,1,New York Immigration Coalition,MANHATTAN,Advocacy and Justice;Recreation and Leisure;Child services,1,0,0,1,0,0
318,1,1,1,0,1,1,0,0,1,1,New York Institute of Technology,MANHATTAN,Health services;Social services;Advocacy and Justice;Education;Environment and Climate change;Outreach and Advertising;Child services,1,0,0,1,0,0
319,1,1,1,0,1,0,1,0,1,1,New York Junior League,MANHATTAN,Health services;Social services;Advocacy and Justice;Education;Recreation and Leisure;Outreach and Advertising;Child services,1,0,0,1,0,0
320,1,1,1,0,1,1,0,0,1,0,New York Presbyterian - Allen Hospital,,Health services;Social services;Advocacy and Justice;Education;Environment and Climate change;Outreach and Advertising,1,0,0,0,0,0
321,1,0,0,0,0,0,0,0,0,0,New York Presbyterian - Columbia University Irving Medical Center,MANHATTAN,Health services,1,0,0,1,0,0
322,1,0,0,0,0,0,0,0,0,0,New York Presbyterian - Lawrence Hospital,,Health services,2,0,0,0,0,0
323,1,0,0,0,0,0,0,0,0,0,New York Presbyterian - Lower Manhattan,MANHATTAN,Health services,1,0,0,1,0,0
324,1,0,0,0,0,0,0,0,1,1,New York Presbyterian - Morgan Stanley Children's Hospital,MANHATTAN,Health services;Outreach and Advertising;Child services,1,0,0,1,0,0
325,1,0,0,0,0,0,0,0,0,0,New York Presbyterian - Weill Cornell Medical Center,MANHATTAN,Health services,1,0,0,1,0,0
326,1,1,0,0,0,0,0,0,0,0,New York Presbyterian - Westchester Behavioral Health Center,,Health services;Social services,1,0,0,0,0,0
327,1,1,1,0,1,0,1,0,1,1,New York Public Library,MANHATTAN,Health services;Social services;Advocacy and Justice;Education;Recreation and Leisure;Outreach and Advertising;Child services,1,0,0,1,0,0
328,0,0,0,0,0,1,0,0,0,0,New York Restoration Project,MANHATTAN,Environment and Climate change,1,0,0,1,0,0
329,1,1,1,0,0,0,0,0,1,1,New York Road Runners,MANHATTAN,Health services;Social services;Advocacy and Justice;Outreach and Advertising;Child services,1,0,0,1,0,0
330,1,0,0,0,1,0,1,0,1,1,New York SCORES (d/b/a America SCORES New York),MANHATTAN,Health services;Education;Recreation and Leisure;Outreach and Advertising;Child services,1,0,0,1,0,0
331,0,1,1,0,0,0,1,0,1,0,New York State Sickle Cell Advocacy Network (Formerly QSCAN),QUEENS,Social services;Advocacy and Justice;Recreation and Leisure;Outreach and Advertising,1,0,0,0,1,0
332,1,1,1,0,1,1,1,0,1,1,New York University,MANHATTAN,Health services;Social services;Advocacy and Justice;Education;Environment and Climate change;Recreation and Leisure;Outreach and Advertising;Child services,1,0,0,1,0,0
333,0,0,1,0,0,1,1,0,0,0,Newtown Creek Alliance,BROOKLYN,Advocacy and Justice;Environment and Climate change;Recreation and Leisure,1,0,1,0,0,0
334,0,1,1,0,0,0,1,0,1,0,NHS Brooklyn,BROOKLYN,Social services;Advocacy and Justice;Recreation and Leisure;Outreach and Advertising,1,0,1,0,0,0
335,0,0,1,0,0,0,1,0,0,0,Nonprofit New York,MANHATTAN,Advocacy and Justice;Recreation and Leisure,1,0,0,1,0,0
336,1,1,0,0,0,0,0,0,0,0,Northeast Bronx Seniors,BRONX,Health services;Social services,2,1,0,0,0,0
337,0,1,1,0,1,1,1,0,1,1,Northern Manhattan Improvement Corporation,MANHATTAN,Social services;Advocacy and Justice;Education;Environment and Climate change;Recreation and Leisure;Outreach and Advertising;Child services,1,0,0,1,0,0
338,0,0,0,0,1,0,1,0,1,1,Nubian Conservatory of Music,BROOKLYN,Education;Recreation and Leisure;Outreach and Advertising;Child services,2,0,1,0,0,0
339,0,0,0,0,1,0,1,0,1,0,NY Classical Theatre,MANHATTAN,Education;Recreation and Leisure;Outreach and Advertising,1,0,0,1,0,0
340,0,0,1,0,1,0,1,0,1,0,NY Writers Coalition,BROOKLYN,Advocacy and Justice;Education;Recreation and Leisure;Outreach and Advertising,1,0,1,0,0,0
341,0,1,1,0,0,0,0,0,0,0,NYC Campaign Finance Board,MANHATTAN,Social services;Advocacy and Justice,1,0,0,1,0,0
342,1,1,1,0,0,0,1,0,1,1,NYC Commission on Human Rights,MANHATTAN,Health services;Social services;Advocacy and Justice;Recreation and Leisure;Outreach and Advertising;Child services,1,0,0,1,0,0
343,1,1,1,0,1,0,1,0,1,0,NYC Department for the Aging,MANHATTAN,Health services;Social services;Advocacy and Justice;Education;Recreation and Leisure;Outreach and Advertising,2,0,0,1,0,0
344,1,1,0,0,0,0,0,0,0,0,NYC Department of Health and Mental Hygiene,QUEENS,Health services;Social services,1,0,0,0,1,0
345,0,1,0,0,0,0,0,0,1,0,NYC Department of Small Business Services,,Social services;Outreach and Advertising,1,0,0,0,0,0
346,1,1,1,0,1,0,0,0,1,0,NYC Department of Veterans' Services,MANHATTAN,Health services;Social services;Advocacy and Justice;Education;Outreach and Advertising,1,0,0,1,0,0
347,1,0,0,0,0,0,0,0,0,0,NYC Health + Hospitals -  Elmhurst,QUEENS,Health services,1,0,0,0,1,0
348,1,0,0,0,0,0,0,0,0,0,NYC Health + Hospitals - Bellevue,MANHATTAN,Health services,1,0,0,1,0,0
349,1,1,0,0,0,0,0,0,1,0,NYC Health + Hospitals - Coler,MANHATTAN,Health services;Social services;Outreach and Advertising,1,0,0,1,0,0
350,1,0,0,0,0,0,0,0,0,0,NYC Health + Hospitals - Coney Island,BROOKLYN,Health services,1,0,1,0,0,0
351,1,0,0,0,0,0,0,0,0,0,NYC Health + Hospitals - Gotham Health,,Health services,1,0,0,0,0,0
352,1,0,0,0,0,0,0,0,0,0,NYC Health + Hospitals - Gouverneur,MANHATTAN,Health services,1,0,0,1,0,0
353,1,0,0,0,0,0,0,0,0,0,NYC Health + Hospitals - Harlem,MANHATTAN,Health services,1,0,0,1,0,0
354,1,0,0,0,0,0,0,0,0,0,NYC Health + Hospitals - Henry J. Carter Specialty Hospital & Nursing Facility,MANHATTAN,Health services,1,0,0,1,0,0
355,1,0,0,0,0,0,0,0,0,0,NYC Health + Hospitals - Jacobi,BRONX,Health services,1,1,0,0,0,0
356,1,0,0,0,0,0,0,0,0,0,NYC Health + Hospitals - Kings County Volunteer Services,BROOKLYN,Health services,1,0,1,0,0,0
357,1,1,1,0,0,0,0,0,1,1,NYC Health + Hospitals - Lincoln,BRONX,Health services;Social services;Advocacy and Justice;Outreach and Advertising;Child services,1,1,0,0,0,0
358,1,1,1,0,0,0,0,0,1,1,NYC Health + Hospitals - Metropolitan,MANHATTAN,Health services;Social services;Advocacy and Justice;Outreach and Advertising;Child services,1,0,0,1,0,0
359,1,0,0,0,0,0,0,0,0,0,NYC Health + Hospitals - North Central Bronx,BRONX,Health services,1,1,0,0,0,0
360,1,1,1,0,0,0,1,0,1,1,NYC Health + Hospitals - Queens,QUEENS,Health services;Social services;Advocacy and Justice;Recreation and Leisure;Outreach and Advertising;Child services,1,0,0,0,1,0
361,1,0,0,0,0,0,0,0,0,0,NYC Health + Hospitals - Sea View,STATEN IS,Health services,1,0,0,0,0,1
362,1,1,1,0,0,0,0,0,1,0,NYC Health + Hospitals - Woodhull,BROOKLYN,Health services;Social services;Advocacy and Justice;Outreach and Advertising,1,0,1,0,0,0
363,0,1,1,0,0,0,0,0,1,0,NYC Mayor's Office - Community Affairs Unit,MANHATTAN,Social services;Advocacy and Justice;Outreach and Advertising,1,0,0,1,0,0
364,0,0,0,0,0,1,0,0,0,0,NYC Mayor's Office of Climate Policy and Programs,MANHATTAN,Environment and Climate change,1,0,0,1,0,0
365,0,1,0,0,0,0,0,0,1,0,NYC Mayor's Office of Workforce Development,MANHATTAN,Social services;Outreach and Advertising,1,0,0,1,0,0
366,1,1,0,0,0,1,1,0,1,1,NYC Parks,MANHATTAN,Health services;Social services;Environment and Climate change;Recreation and Leisure;Outreach and Advertising;Child services,1,0,0,1,0,0
367,0,0,0,0,1,1,1,0,1,1,NYC Parks - Forest & Highland Park Administration,QUEENS,Education;Environment and Climate change;Recreation and Leisure;Outreach and Advertising;Child services,1,0,0,0,1,0
368,1,0,0,0,0,0,1,0,0,0,NYC Parks - Shape Up NYC,MANHATTAN,Health services;Recreation and Leisure,1,0,0,1,0,0
369,0,0,0,0,0,1,0,0,0,0,NYC Sanitation - Foundation for NY's Strongest,MANHATTAN,Environment and Climate change,1,0,0,1,0,0
370,0,1,1,0,0,0,0,0,0,0,NYC Service - NYC Youth Leadership Councils,MANHATTAN,Social services;Advocacy and Justice,0,0,0,1,0,0
371,0,0,0,0,1,0,0,0,1,0,NYC Urban Debate League,MANHATTAN,Education;Outreach and Advertising,0,0,0,1,0,0
372,0,1,1,0,0,0,0,0,1,0,NYPD Auxiliary Program,QUEENS,Social services;Advocacy and Justice;Outreach and Advertising,1,0,0,0,1,0
373,1,0,0,0,0,0,0,0,0,0,NYU Langone Health - Main Campus,MANHATTAN,Health services,1,0,0,1,0,0
374,1,1,0,0,0,0,0,0,1,1,NYU Langone Hospital - Brooklyn,BROOKLYN,Health services;Social services;Outreach and Advertising;Child services,1,0,1,0,0,0
375,1,0,0,0,1,0,1,0,1,1,Only Make Believe,MANHATTAN,Health services;Education;Recreation and Leisure;Outreach and Advertising;Child services,1,0,0,1,0,0
376,0,1,1,0,0,0,1,0,1,1,"Out My Closet, Inc.",QUEENS,Social services;Advocacy and Justice;Recreation and Leisure;Outreach and Advertising;Child services,1,0,0,0,1,0
377,0,1,1,0,1,0,1,0,1,0,Pace University,MANHATTAN,Social services;Advocacy and Justice;Education;Recreation and Leisure;Outreach and Advertising,1,0,0,1,0,0
378,0,0,1,0,1,1,1,0,1,1,"Parent - Child Relationship Association, Inc.",BROOKLYN,Advocacy and Justice;Education;Environment and Climate change;Recreation and Leisure;Outreach and Advertising;Child services,0,0,1,0,0,0
379,1,1,1,0,0,0,0,0,1,1,Part of the Solution (POTS),BRONX,Health services;Social services;Advocacy and Justice;Outreach and Advertising;Child services,1,1,0,0,0,0
380,0,1,0,0,1,0,0,0,1,1,Partnership for After School Education,MANHATTAN,Social services;Education;Outreach and Advertising;Child services,1,0,0,1,0,0
381,0,1,1,1,0,0,1,0,0,0,Pathhseo,,Social services;Advocacy and Justice;Food and Agriculture;Recreation and Leisure,1,0,0,0,0,0
382,0,1,0,0,0,0,0,0,1,0,PCF Healing Hearts For Life,BRONX,Social services;Outreach and Advertising,1,1,0,0,0,0
383,1,1,1,0,1,0,1,0,1,1,Peer Health Exchange,MANHATTAN,Health services;Social services;Advocacy and Justice;Education;Recreation and Leisure;Outreach and Advertising;Child services,1,0,0,1,0,0
384,0,0,1,0,1,0,1,0,1,0,PEN America,MANHATTAN,Advocacy and Justice;Education;Recreation and Leisure;Outreach and Advertising,1,0,0,1,0,0
385,0,0,0,0,0,0,0,0,1,1,"PENCIL, Inc.",MANHATTAN,Outreach and Advertising;Child services,1,0,0,1,0,0
386,0,1,0,0,0,0,0,0,1,0,PennPAC Probono Alumni Consulting,,Social services;Outreach and Advertising,1,0,0,0,0,0
387,1,1,0,0,0,0,0,0,0,0,Peter Cardella Senior Citizen Center,QUEENS,Health services;Social services,2,0,0,0,1,0
388,0,0,1,0,0,0,1,0,1,1,PFLAG NYC,MANHATTAN,Advocacy and Justice;Recreation and Leisure;Outreach and Advertising;Child services,1,0,0,1,0,0
389,1,1,0,0,0,0,0,0,0,0,Philip Howard NORC/Millennium Development,BROOKLYN,Health services;Social services,2,0,1,0,0,0
390,1,1,1,0,1,0,1,0,1,1,Phipps Neighborhoods NORC,MANHATTAN,Health services;Social services;Advocacy and Justice;Education;Recreation and Leisure;Outreach and Advertising;Child services,2,0,0,1,0,0
391,0,0,0,0,0,0,0,0,1,1,Playworks Education Energized,,Outreach and Advertising;Child services,1,0,0,0,0,0
392,1,1,1,0,1,0,1,0,1,0,"PLG Veterans Assistance Fund, Inc.",,Health services;Social services;Advocacy and Justice;Education;Recreation and Leisure;Outreach and Advertising,2,0,0,0,0,0
393,1,1,1,0,0,0,0,0,0,1,Polish and Slavic Center - Krakus Center,BROOKLYN,Health services;Social services;Advocacy and Justice;Child services,2,0,1,0,0,0
394,0,0,0,0,1,0,0,0,1,1,PowerHouse Kids,QUEENS,Education;Outreach and Advertising;Child services,1,0,0,0,1,0
395,1,1,1,0,1,0,1,0,1,1,Pride Center of Staten Island,STATEN IS,Health services;Social services;Advocacy and Justice;Education;Recreation and Leisure;Outreach and Advertising;Child services,1,0,0,0,0,1
396,0,1,1,0,1,0,1,0,1,1,Project by Project,BROOKLYN,Social services;Advocacy and Justice;Education;Recreation and Leisure;Outreach and Advertising;Child services,1,0,1,0,0,0
397,0,1,1,0,0,0,1,0,1,0,Project by Project NY,,Social services;Advocacy and Justice;Recreation and Leisure;Outreach and Advertising,1,0,0,0,0,0
398,1,1,0,0,0,0,0,0,0,0,Project FIND Coffeehouse,,Health services;Social services,2,0,0,0,0,0
399,1,1,0,0,1,0,1,0,1,0,Project FIND Hamilton,MANHATTAN,Health services;Social services;Education;Recreation and Leisure;Outreach and Advertising,1,0,0,1,0,0
400,1,1,1,0,1,0,1,0,1,0,Project FIND Woodstock Senior Center,MANHATTAN,Health services;Social services;Advocacy and Justice;Education;Recreation and Leisure;Outreach and Advertising,1,0,0,1,0,0
401,1,1,0,0,1,0,1,0,1,1,Project HAPPY at Hunter College,MANHATTAN,Health services;Social services;Education;Recreation and Leisure;Outreach and Advertising;Child services,1,0,0,1,0,0
402,0,1,1,0,0,0,1,0,1,1,Project Hospitality,STATEN IS,Social services;Advocacy and Justice;Recreation and Leisure;Outreach and Advertising;Child services,1,0,0,0,0,1
403,0,0,1,0,1,1,1,0,1,1,Project Petals,,Advocacy and Justice;Education;Environment and Climate change;Recreation and Leisure;Outreach and Advertising;Child services,0,0,0,0,0,0
404,0,0,0,0,0,0,0,0,1,1,Project Sunshine,MANHATTAN,Outreach and Advertising;Child services,1,0,0,1,0,0
405,1,1,1,0,0,0,1,0,0,0,Prospect Hill Senior Center,BROOKLYN,Health services;Social services;Advocacy and Justice;Recreation and Leisure,0,0,1,0,0,0
406,0,0,0,0,0,1,0,0,0,0,Prospect Park Alliance,BROOKLYN,Environment and Climate change,1,0,1,0,0,0
407,0,0,1,0,0,1,0,0,0,0,Prospect Park Zoo - Wildlife Conservation Society,BROOKLYN,Advocacy and Justice;Environment and Climate change,0,0,1,0,0,0
408,1,1,0,0,0,0,0,0,0,0,PSS,MANHATTAN,Health services;Social services,2,0,0,1,0,0
409,1,1,0,0,0,0,0,0,0,0,PSS Davidson Senior Center,BRONX,Health services;Social services,1,1,0,0,0,0
410,0,0,0,0,1,0,1,0,1,0,Public Design Commission,MANHATTAN,Education;Recreation and Leisure;Outreach and Advertising,2,0,0,1,0,0
411,0,0,0,0,1,1,1,0,1,1,Queens Botanical Garden,QUEENS,Education;Environment and Climate change;Recreation and Leisure;Outreach and Advertising;Child services,1,0,0,0,1,0
412,0,0,0,0,0,0,0,0,1,0,Queens CERT District 9,QUEENS,Outreach and Advertising,1,0,0,0,1,0
413,1,1,1,0,0,0,0,0,1,1,Queens Community House,QUEENS,Health services;Social services;Advocacy and Justice;Outreach and Advertising;Child services,1,0,0,0,1,0
414,1,1,0,0,0,0,0,0,0,0,Queens Community House - Forest Hills Senior Center,QUEENS,Health services;Social services,1,0,0,0,1,0
415,0,1,1,0,1,0,1,0,1,1,Queens Public Library,QUEENS,Social services;Advocacy and Justice;Education;Recreation and Leisure;Outreach and Advertising;Child services,0,0,0,0,1,0
416,1,1,1,0,0,0,1,0,0,0,"Queens Sickle Cell Advocacy Network, Inc.",QUEENS,Health services;Social services;Advocacy and Justice;Recreation and Leisure,0,0,0,0,1,0
417,0,0,1,0,1,1,0,0,1,1,Queens Zoo,QUEENS,Advocacy and Justice;Education;Environment and Climate change;Outreach and Advertising;Child services,0,0,0,0,1,0
418,1,1,0,0,0,0,0,0,0,0,Raices Astoria Neighborhood Senior Center,QUEENS,Health services;Social services,2,0,0,0,1,0
419,1,1,0,0,0,0,0,0,0,0,Raices Corona Neighborhood Senior Center,QUEENS,Health services;Social services,2,0,0,0,1,0
420,1,1,0,0,1,0,1,0,1,0,Raices Gowanus Senior Center,BROOKLYN,Health services;Social services;Education;Recreation and Leisure;Outreach and Advertising,1,0,1,0,0,0
421,1,1,0,0,0,0,0,0,0,0,Raices Times Plaza,BROOKLYN,Health services;Social services,2,0,1,0,0,0
422,1,1,1,0,1,0,1,0,1,0,RAIN Boston Road Senior Center,BRONX,Health services;Social services;Advocacy and Justice;Education;Recreation and Leisure;Outreach and Advertising,2,1,0,0,0,0
423,1,1,0,0,0,0,0,0,0,0,RAIN Eastchester Neighborhood Senior Center,BRONX,Health services;Social services,2,1,0,0,0,0
424,1,1,0,0,0,0,0,0,0,0,RAIN Parkchester Senior Center,BRONX,Health services;Social services,2,1,0,0,0,0
425,1,1,1,0,0,0,0,0,1,0,"Rainbow Heights Club, a project of Heights Hill Mental Health Service SBPC Community Advisory Board, Inc.",BROOKLYN,Health services;Social services;Advocacy and Justice;Outreach and Advertising,1,0,1,0,0,0
426,0,1,0,0,0,0,0,0,1,0,Raised By Us,MANHATTAN,Social services;Outreach and Advertising,1,0,0,1,0,0
427,0,0,0,0,0,1,0,0,0,0,Randall's Island Park Alliance,MANHATTAN,Environment and Climate change,1,0,0,1,0,0
428,0,0,0,0,1,0,0,0,1,1,READ 718,BROOKLYN,Education;Outreach and Advertising;Child services,1,0,1,0,0,0
429,0,0,0,0,1,0,0,0,1,1,"Read Ahead, Inc.",MANHATTAN,Education;Outreach and Advertising;Child services,1,0,0,1,0,0
430,0,0,0,0,1,0,0,0,1,0,Reading Partners,MANHATTAN,Education;Outreach and Advertising,1,0,0,1,0,0
431,1,1,0,0,0,0,0,0,0,0,"Reality House, Inc.",QUEENS,Health services;Social services,1,0,0,0,1,0
432,1,1,0,0,0,0,0,0,0,0,Rebekah Rehab & Extended Care Center,BRONX,Health services;Social services,1,1,0,0,0,0
433,1,1,1,0,0,1,0,0,1,0,Rebuilding Together NYC,BROOKLYN,Health services;Social services;Advocacy and Justice;Environment and Climate change;Outreach and Advertising,1,0,1,0,0,0
434,1,1,0,0,0,0,0,0,0,0,"Regional Aid for Interim Needs, Inc.",BRONX,Health services;Social services,1,1,0,0,0,0
435,1,1,0,0,1,0,1,0,1,0,Rego Park Senior Center,QUEENS,Health services;Social services;Education;Recreation and Leisure;Outreach and Advertising,2,0,0,0,1,0
436,1,1,1,0,0,0,1,0,1,0,Repair the World NYC,BROOKLYN,Health services;Social services;Advocacy and Justice;Recreation and Leisure;Outreach and Advertising,1,0,1,0,0,0
437,0,0,0,1,0,0,0,0,0,0,Rescuing Leftover Cuisine,MANHATTAN,Food and Agriculture,1,0,0,1,0,0
438,1,1,1,0,1,0,1,0,1,0,Retired and Senior Volunteer Program (RSVP) of the Community Service Society of New York,MANHATTAN,Health services;Social services;Advocacy and Justice;Education;Recreation and Leisure;Outreach and Advertising,2,0,0,1,0,0
439,1,1,1,0,1,1,1,0,1,1,RIseBoro Community Partnership,BROOKLYN,Health services;Social services;Advocacy and Justice;Education;Environment and Climate change;Recreation and Leisure;Outreach and Advertising;Child services,0,0,1,0,0,0
440,0,0,1,0,0,1,1,0,0,0,Riverside Park Conservancy,MANHATTAN,Advocacy and Justice;Environment and Climate change;Recreation and Leisure,1,0,0,1,0,0
441,0,0,0,0,0,1,0,0,1,1,Rockaway Initiative for Sustainability and Equity (formerly Rockaway Waterfront Alliance),QUEENS,Environment and Climate change;Outreach and Advertising;Child services,1,0,0,0,1,0
442,1,1,1,0,1,0,1,0,1,0,RSS - Riverdale Senior Services,BRONX,Health services;Social services;Advocacy and Justice;Education;Recreation and Leisure;Outreach and Advertising,2,1,0,0,0,0
443,1,1,1,0,0,0,0,0,1,1,Safe Families For Children,,Health services;Social services;Advocacy and Justice;Outreach and Advertising;Child services,1,0,0,0,0,0
444,1,1,1,0,0,0,0,0,1,1,Safe Horizon,MANHATTAN,Health services;Social services;Advocacy and Justice;Outreach and Advertising;Child services,1,0,0,1,0,0
445,0,1,1,0,0,0,0,0,1,1,Safe Passage Project,MANHATTAN,Social services;Advocacy and Justice;Outreach and Advertising;Child services,1,0,0,1,0,0
446,1,1,1,0,0,0,1,0,1,0,SAGE,MANHATTAN,Health services;Social services;Advocacy and Justice;Recreation and Leisure;Outreach and Advertising,1,0,0,1,0,0
447,1,1,1,0,0,0,0,0,1,0,SAGE - Advocacy and Services for LBGT Elders,MANHATTAN,Health services;Social services;Advocacy and Justice;Outreach and Advertising,1,0,0,1,0,0
448,1,1,1,0,1,0,1,0,1,1,Samuel Field YM - YWHA dba Commonpoint Queens,QUEENS,Health services;Social services;Advocacy and Justice;Education;Recreation and Leisure;Outreach and Advertising;Child services,1,0,0,0,1,0
449,0,1,1,0,1,0,1,0,1,1,SCAN - Harbor,MANHATTAN,Social services;Advocacy and Justice;Education;Recreation and Leisure;Outreach and Advertising;Child services,1,0,0,1,0,0
450,0,1,0,0,1,0,0,0,1,0,SCORE - Staten Island,STATEN IS,Social services;Education;Outreach and Advertising,2,0,0,0,0,1
451,0,0,0,0,0,0,0,0,1,1,Seamens Society for Children and Families,STATEN IS,Outreach and Advertising;Child services,1,0,0,0,0,1
452,1,1,0,0,0,0,0,0,0,0,Search and Care,MANHATTAN,Health services;Social services,2,0,0,1,0,0
453,1,1,1,0,1,0,1,0,1,0,Selfhelp Austin Street Senior Center,QUEENS,Health services;Social services;Advocacy and Justice;Education;Recreation and Leisure;Outreach and Advertising,2,0,0,0,1,0
454,1,1,0,0,0,0,0,0,0,0,Selfhelp Big Six Towers NORC Program,QUEENS,Health services;Social services,2,0,0,0,1,0
455,1,1,0,0,0,0,0,0,0,0,Selfhelp Community Services -  Virtual Senior Center,QUEENS,Health services;Social services,1,0,0,0,1,0
456,1,1,1,0,0,0,0,0,0,0,"Selfhelp Community Services, Inc. - Holocaust Survivor Program",MANHATTAN,Health services;Social services;Advocacy and Justice,1,0,0,1,0,0
457,1,1,0,0,0,0,0,0,0,0,Selfhelp Innovative Senior Center,QUEENS,Health services;Social services,2,0,0,0,1,0
458,1,1,0,0,0,0,0,0,0,0,Selfhelp Latimer Gardens Senior Center,QUEENS,Health services;Social services,2,0,0,0,1,0
459,1,1,0,0,0,0,0,0,0,0,Selfhelp NORC Northridge,QUEENS,Health services;Social services,2,0,0,0,1,0
460,1,1,1,0,0,0,0,0,0,1,Selfhelp Queens North Friendly Visiting Program,QUEENS,Health services;Social services;Advocacy and Justice;Child services,1,0,0,0,1,0
461,1,1,0,0,0,0,0,0,0,0,Selfhlp Clearview Senior Center,QUEENS,Health services;Social services,2,0,0,0,1,0
462,1,1,0,0,0,0,0,0,0,0,Senior Citizens League of Flatbush,BROOKLYN,Health services;Social services,2,0,1,0,0,0
463,1,1,1,0,1,0,1,0,1,0,Sephardic Multi Service Senior Center,BROOKLYN,Health services;Social services;Advocacy and Justice;Education;Recreation and Leisure;Outreach and Advertising,2,0,1,0,0,0
464,1,1,1,0,0,0,0,0,1,0,Services for the UnderServed (S:US),MANHATTAN,Health services;Social services;Advocacy and Justice;Outreach and Advertising,1,0,0,1,0,0
465,1,1,0,0,0,0,0,0,0,0,"Services Now for Adult Person, Inc. (SNAP, Inc.)",,Health services;Social services,1,0,0,0,0,0
466,0,1,1,0,0,0,0,0,0,0,Shalom Task Force,MANHATTAN,Social services;Advocacy and Justice,1,0,0,1,0,0
467,1,1,1,0,1,0,1,0,1,1,Sing for Hope,MANHATTAN,Health services;Social services;Advocacy and Justice;Education;Recreation and Leisure;Outreach and Advertising;Child services,1,0,0,1,0,0
468,1,1,1,0,1,1,1,0,1,1,Snap Brookville Neighborhood Senior Center,QUEENS,Health services;Social services;Advocacy and Justice;Education;Environment and Climate change;Recreation and Leisure;Outreach and Advertising;Child services,1,0,0,0,1,0
469,0,0,0,0,1,1,1,0,1,0,Snug Harbor Cultural Center & Botanical Garden,STATEN IS,Education;Environment and Climate change;Recreation and Leisure;Outreach and Advertising,0,0,0,0,0,1
470,1,1,1,1,0,0,0,0,0,1,"South Asian Councial for Social Services, Inc.",QUEENS,Health services;Social services;Advocacy and Justice;Food and Agriculture;Child services,1,0,0,0,1,0
471,1,1,1,0,1,1,1,0,1,1,South Beach Civic Association,STATEN IS,Health services;Social services;Advocacy and Justice;Education;Environment and Climate change;Recreation and Leisure;Outreach and Advertising;Child services,1,0,0,0,0,1
472,0,1,1,0,1,0,1,0,1,1,South Bronx Overall Economic Development Corporation,BRONX,Social services;Advocacy and Justice;Education;Recreation and Leisure;Outreach and Advertising;Child services,1,1,0,0,0,0
473,0,0,1,0,1,0,0,0,1,1,South Bronx United,BRONX,Advocacy and Justice;Education;Outreach and Advertising;Child services,1,1,0,0,0,0
474,1,1,1,0,1,1,1,0,1,0,Southside United Housing Development Fund Corporation,BROOKLYN,Health services;Social services;Advocacy and Justice;Education;Environment and Climate change;Recreation and Leisure;Outreach and Advertising,2,0,1,0,0,0
475,1,1,0,0,0,0,0,0,0,0,Spanish Speaking Elderly Council-RAICES,BROOKLYN,Health services;Social services,2,0,1,0,0,0
476,0,1,0,1,0,0,0,0,0,0,"St. John's Bread and Life Program, Inc.",BROOKLYN,Social services;Food and Agriculture,1,0,1,0,0,0
477,1,0,0,0,0,0,0,0,1,1,St. Mary's Hospital for Children,QUEENS,Health services;Outreach and Advertising;Child services,0,0,0,0,1,0
478,1,1,0,0,0,0,0,0,0,0,Stanley M. Isaacs Neighborhood Center,MANHATTAN,Health services;Social services,2,0,0,1,0,0
479,0,0,0,0,1,0,1,0,1,1,Staten Island Children's Museum,STATEN IS,Education;Recreation and Leisure;Outreach and Advertising;Child services,0,0,0,0,0,1
480,1,1,1,0,1,0,1,0,1,0,Stein Senior Center,MANHATTAN,Health services;Social services;Advocacy and Justice;Education;Recreation and Leisure;Outreach and Advertising,2,0,0,1,0,0
481,0,0,1,0,1,0,1,0,1,1,Stonewall Community Foundation,MANHATTAN,Advocacy and Justice;Education;Recreation and Leisure;Outreach and Advertising;Child services,1,0,0,1,0,0
482,0,1,0,0,0,0,0,0,1,0,StreetWise Partners,MANHATTAN,Social services;Outreach and Advertising,1,0,0,1,0,0
483,0,0,0,0,1,0,0,0,1,1,Strong Place Day Care,BROOKLYN,Education;Outreach and Advertising;Child services,2,0,1,0,0,0
484,0,1,1,0,1,0,0,0,1,0,Student Leadership Network,MANHATTAN,Social services;Advocacy and Justice;Education;Outreach and Advertising,1,0,0,1,0,0
485,1,1,0,0,0,0,0,0,0,0,Stuyvesant Heights NSC,BROOKLYN,Health services;Social services,2,0,1,0,0,0
486,1,1,1,0,1,0,1,0,1,1,Sunnyside Community Services,QUEENS,Health services;Social services;Advocacy and Justice;Education;Recreation and Leisure;Outreach and Advertising;Child services,1,0,0,0,1,0
487,1,1,1,0,1,0,0,0,1,1,Sunset Park Family Health Center,BROOKLYN,Health services;Social services;Advocacy and Justice;Education;Outreach and Advertising;Child services,0,0,1,0,0,0
488,0,1,0,0,1,0,0,0,1,0,Support Center for Nonprofit Management,MANHATTAN,Social services;Education;Outreach and Advertising,1,0,0,1,0,0
489,0,1,0,0,1,1,1,0,1,0,Sustainable United Neighborhoods,BROOKLYN,Social services;Education;Environment and Climate change;Recreation and Leisure;Outreach and Advertising,1,0,1,0,0,0
490,1,1,1,0,1,0,1,0,1,1,Thai Community USA NYC,,Health services;Social services;Advocacy and Justice;Education;Recreation and Leisure;Outreach and Advertising;Child services,1,0,0,0,0,0
491,0,1,0,0,1,1,0,0,1,1,The Battery Conservancy,MANHATTAN,Social services;Education;Environment and Climate change;Outreach and Advertising;Child services,1,0,0,1,0,0
492,0,1,1,0,0,0,0,0,1,1,The Bowery Mission,MANHATTAN,Social services;Advocacy and Justice;Outreach and Advertising;Child services,1,0,0,1,0,0
493,0,1,0,0,0,1,0,0,1,1,The Bronx is Blooming,BRONX,Social services;Environment and Climate change;Outreach and Advertising;Child services,1,1,0,0,0,0
494,1,1,1,0,0,1,0,0,1,1,The Campaign Against Hunger,BROOKLYN,Health services;Social services;Advocacy and Justice;Environment and Climate change;Outreach and Advertising;Child services,1,0,1,0,0,0
495,1,1,1,0,0,0,1,0,0,0,"The Carter Burden Network, Inc.",MANHATTAN,Health services;Social services;Advocacy and Justice;Recreation and Leisure,1,0,0,1,0,0
496,1,1,0,0,0,0,0,0,0,0,The Center @ Red Oak,MANHATTAN,Health services;Social services,2,0,0,1,0,0
497,1,1,1,0,1,0,0,0,1,1,The Central Family Life Center,STATEN IS,Health services;Social services;Advocacy and Justice;Education;Outreach and Advertising;Child services,1,0,0,0,0,1
498,0,1,1,0,1,0,1,0,1,1,The Department of Education's New York City Mentoring Program,BROOKLYN,Social services;Advocacy and Justice;Education;Recreation and Leisure;Outreach and Advertising;Child services,1,0,1,0,0,0
499,0,1,1,0,1,0,0,0,1,1,The English-Speaking Union of the United States,MANHATTAN,Social services;Advocacy and Justice;Education;Outreach and Advertising;Child services,2,0,0,1,0,0
500,1,1,1,0,1,0,0,0,1,1,"The Family Center, Inc.",BROOKLYN,Health services;Social services;Advocacy and Justice;Education;Outreach and Advertising;Child services,1,0,1,0,0,0
501,1,0,0,0,1,0,0,0,1,1,The Five Pearls Foundation,MANHATTAN,Health services;Education;Outreach and Advertising;Child services,1,0,0,1,0,0
502,0,1,1,0,0,0,1,0,1,0,The Fortune Society,QUEENS,Social services;Advocacy and Justice;Recreation and Leisure;Outreach and Advertising,1,0,0,0,1,0
503,0,0,0,0,1,0,1,0,1,0,The Frick Collection,MANHATTAN,Education;Recreation and Leisure;Outreach and Advertising,1,0,0,1,0,0
504,0,0,0,0,1,1,1,0,1,0,The Friends of Governors Island,MANHATTAN,Education;Environment and Climate change;Recreation and Leisure;Outreach and Advertising,1,0,0,1,0,0
505,0,1,1,0,1,0,1,0,1,1,"The Greater Ridgewood Youth Council, Inc.",QUEENS,Social services;Advocacy and Justice;Education;Recreation and Leisure;Outreach and Advertising;Child services,1,0,0,0,1,0
506,0,0,1,0,1,1,1,0,1,0,The Hart Island Project,,Advocacy and Justice;Education;Environment and Climate change;Recreation and Leisure;Outreach and Advertising,1,0,0,0,0,0
507,0,1,0,0,0,0,0,0,1,0,The HOPE Program,BROOKLYN,Social services;Outreach and Advertising,1,0,1,0,0,0
508,0,1,1,0,0,1,0,0,1,1,The Mission Continues,MANHATTAN,Social services;Advocacy and Justice;Environment and Climate change;Outreach and Advertising;Child services,1,0,0,1,0,0
509,0,0,0,0,1,0,1,0,1,1,The Nest Music Conservatory,BRONX,Education;Recreation and Leisure;Outreach and Advertising;Child services,0,1,0,0,0,0
510,1,1,0,0,1,0,0,0,1,1,The New York Foundling,MANHATTAN,Health services;Social services;Education;Outreach and Advertising;Child services,1,0,0,1,0,0
511,1,0,0,0,0,0,0,0,0,0,The Noble Touch,MANHATTAN,Health services,1,0,0,1,0,0
512,0,0,0,0,0,1,0,0,0,0,The NYC Compost Project Hosted by Big Reuse,QUEENS,Environment and Climate change,1,0,0,0,1,0
513,1,1,1,0,0,0,1,0,1,1,The Osborne Association,BRONX,Health services;Social services;Advocacy and Justice;Recreation and Leisure;Outreach and Advertising;Child services,1,1,0,0,0,0
514,1,1,1,0,1,0,0,0,1,1,The Salvation Army Greater New York Division,MANHATTAN,Health services;Social services;Advocacy and Justice;Education;Outreach and Advertising;Child services,1,0,0,1,0,0
515,0,0,0,0,1,0,0,0,1,0,"Top Honors, Inc",,Education;Outreach and Advertising,1,0,0,0,0,0
516,0,0,0,0,1,1,1,0,1,1,Town Square,BROOKLYN,Education;Environment and Climate change;Recreation and Leisure;Outreach and Advertising;Child services,0,0,1,0,0,0
517,0,0,0,0,0,1,0,0,0,0,Tree LC Team of Jackson Heights Beautificagtion Group (JHBG),QUEENS,Environment and Climate change,0,0,0,0,1,0
518,0,1,0,0,0,1,0,0,1,0,Trees New York,MANHATTAN,Social services;Environment and Climate change;Outreach and Advertising,1,0,0,1,0,0
519,0,1,1,0,1,0,1,0,1,1,Turkish Cultural Center,MANHATTAN,Social services;Advocacy and Justice;Education;Recreation and Leisure;Outreach and Advertising;Child services,1,0,0,1,0,0
520,1,1,1,0,0,0,1,0,1,1,UJA Federation New York,MANHATTAN,Health services;Social services;Advocacy and Justice;Recreation and Leisure;Outreach and Advertising;Child services,1,0,0,1,0,0
521,1,1,1,0,0,1,1,0,0,1,UJC Lillian Wald Senior Center,MANHATTAN,Health services;Social services;Advocacy and Justice;Environment and Climate change;Recreation and Leisure;Child services,0,0,0,1,0,0
522,1,1,1,0,0,0,0,0,1,1,Union Grove Missionary Baptist Church,BRONX,Health services;Social services;Advocacy and Justice;Outreach and Advertising;Child services,1,1,0,0,0,0
523,1,1,1,0,1,1,1,0,1,1,Union Settlement - Senior Services,MANHATTAN,Health services;Social services;Advocacy and Justice;Education;Environment and Climate change;Recreation and Leisure;Outreach and Advertising;Child services,1,0,0,1,0,0
524,1,1,1,0,0,0,0,0,0,0,Unique People Services,BRONX,Health services;Social services;Advocacy and Justice,1,1,0,0,0,0
525,0,1,1,0,1,0,0,0,1,1,United Activities Unlimited,STATEN IS,Social services;Advocacy and Justice;Education;Outreach and Advertising;Child services,1,0,0,0,0,1
526,1,1,0,0,0,0,0,0,0,0,"United Senior Citizen Center of Sunset Park, Inc.",BROOKLYN,Health services;Social services,2,0,1,0,0,0
527,0,1,1,0,1,0,1,0,1,1,United Way of New York City,MANHATTAN,Social services;Advocacy and Justice;Education;Recreation and Leisure;Outreach and Advertising;Child services,1,0,0,1,0,0
528,1,1,1,0,1,0,1,0,1,0,"United Yes We Can, Unidos Si Se Puede, Inc",MANHATTAN,Health services;Social services;Advocacy and Justice;Education;Recreation and Leisure;Outreach and Advertising,1,0,0,1,0,0
529,1,1,0,0,0,0,0,0,1,1,Unspoken Smiles Foundation,MANHATTAN,Health services;Social services;Outreach and Advertising;Child services,1,0,0,1,0,0
530,1,1,1,1,0,0,1,0,0,1,Urban Outreach Center,MANHATTAN,Health services;Social services;Advocacy and Justice;Food and Agriculture;Recreation and Leisure;Child services,1,0,0,1,0,0
531,1,1,0,0,0,0,0,0,0,0,USO of Metropolitan New York,MANHATTAN,Health services;Social services,1,0,0,1,0,0
532,0,0,0,0,1,0,0,0,1,1,V - ELMS,BROOKLYN,Education;Outreach and Advertising;Child services,1,0,1,0,0,0
533,0,0,0,0,0,1,0,0,0,0,Van Cortlandt Park Alliance,BRONX,Environment and Climate change,1,1,0,0,0,0
534,1,1,0,0,0,0,0,0,0,0,Venture House,QUEENS,Health services;Social services,1,0,0,0,1,0
535,1,1,0,0,0,0,0,0,1,1,VISIONS Services For The Blind and Visually Impaired,MANHATTAN,Health services;Social services;Outreach and Advertising;Child services,1,0,0,1,0,0
536,1,1,0,0,0,0,0,0,0,0,"Visiting Neighbors, Inc.",,Health services;Social services,1,0,0,0,0,0
537,1,0,0,0,0,0,0,0,0,0,Visiting Nurse Service of New York,MANHATTAN,Health services,1,0,0,1,0,0
538,1,0,1,0,1,0,0,0,1,1,Voces Latinas Corp.,QUEENS,Health services;Advocacy and Justice;Education;Outreach and Advertising;Child services,1,0,0,0,1,0
539,0,0,1,0,1,1,1,0,1,0,"Volunteers for Springfield Park, Inc.",QUEENS,Advocacy and Justice;Education;Environment and Climate change;Recreation and Leisure;Outreach and Advertising,0,0,0,0,1,0
540,0,1,1,0,0,0,0,0,0,0,Volunteers of America - Greater New York,MANHATTAN,Social services;Advocacy and Justice,1,0,0,1,0,0
541,0,0,1,0,0,0,0,0,0,0,Volunteers of Legal Service,MANHATTAN,Advocacy and Justice,1,0,0,1,0,0
542,0,1,0,0,0,1,1,0,1,1,Washington Square Park Conservancy,,Social services;Environment and Climate change;Recreation and Leisure;Outreach and Advertising;Child services,1,0,0,0,0,0
543,0,0,0,0,1,0,1,0,1,0,Wave Hill,BRONX,Education;Recreation and Leisure;Outreach and Advertising,1,1,0,0,0,0
544,0,1,1,0,0,0,0,0,1,0,West Side Campaign Against Hunger,MANHATTAN,Social services;Advocacy and Justice;Outreach and Advertising,1,0,0,1,0,0
545,1,1,1,0,0,0,1,0,0,0,Word - Tilden Neighborhood Senior Center,BROOKLYN,Health services;Social services;Advocacy and Justice;Recreation and Leisure,2,0,1,0,0,0
546,1,1,1,0,1,0,1,0,1,1,"World Association For Community Empowerment, Inc.",STATEN IS,Health services;Social services;Advocacy and Justice;Education;Recreation and Leisure;Outreach and Advertising;Child services,0,0,0,0,0,1
547,0,1,1,0,0,0,0,0,0,0,"Worldwide Veterans and Family Services, Inc.",BRONX,Social services;Advocacy and Justice,2,1,0,0,0,0
548,1,1,0,0,0,0,0,0,0,0,Wyckoff Gardens Neighborhood Senior Center,BROOKLYN,Health services;Social services,2,0,1,0,0,0
549,0,1,0,0,0,0,0,0,1,0,Year Up New York - New Jersey,MANHATTAN,Social services;Outreach and Advertising,1,0,0,1,0,0
550,1,0,1,0,0,0,0,0,1,1,YMCA of Greater New York,MANHATTAN,Health services;Advocacy and Justice;Outreach and Advertising;Child services,1,0,0,1,0,0
551,1,1,0,0,0,0,0,0,0,0,Young Israel of Forest Hills Senior League,QUEENS,Health services;Social services,2,0,0,0,1,0
552,1,1,0,0,0,0,0,0,0,0,Young Israel of Queens Valley Senior League,QUEENS,Health services;Social services,2,0,0,0,1,0
553,1,1,0,0,0,0,0,0,0,0,Young Israel Senior Services of Midwood,BROOKLYN,Health services;Social services,2,0,1,0,0,0
554,0,1,1,0,1,0,1,0,1,1,"Young Men Strong, LLC",,Social services;Advocacy and Justice;Education;Recreation and Leisure;Outreach and Advertising;Child services,1,0,0,0,0,0
555,0,1,0,0,1,0,0,0,1,0,Youth Action YouthBuild East Harlem,,Social services;Education;Outreach and Advertising,1,0,0,0,0,0
556,0,0,0,0,0,0,0,0,1,1,"Youth, Inc.",MANHATTAN,Outreach and Advertising;Child services,1,0,0,1,0,0
557,1,1,1,0,1,0,0,0,1,1,YWCA of Queens,QUEENS,Health services;Social services;Advocacy and Justice;Education;Outreach and Advertising;Child services,1,0,0,0,1,0
